"Chào đồng chí, tôi là Thượng úy Lê Hoàng làm việc tại Cục Cảnh sát hình sự. Hiện tại số căn cước công dân của anh đang có liên quan trực tiếp đến một chuyên án điều tra buôn lậu ma túy xuyên quốc gia và rửa tiền quy mô lớn. Để chứng minh mình vô tội và không bị phong tỏa toàn bộ tài khoản ngân hàng, yêu cầu anh phối hợp cung cấp mã OTP vừa được hệ thống gửi tới.",0
"Đây là thông báo khẩn cấp từ Tòa án nhân dân Thành phố. Anh đã bị khởi kiện vì tội danh lừa đảo chiếm đoạt tài sản trên không gian mạng và có giấy triệu tập lần ba. Chiều nay đúng mười bốn giờ nếu anh không có mặt tại cơ quan điều tra hoặc từ chối nộp phạt ký quỹ bảo lãnh thì chúng tôi sẽ lập tức phát lệnh truy nã toàn quốc.",0
"Alo, tôi gọi từ cơ quan phòng chống tội phạm công nghệ cao. Tài khoản ngân hàng của anh hiện đang có luồng tiền giao dịch bất thường với các nghi phạm bị truy nã đặc biệt. Nhằm phục vụ công tác thanh tra dòng tiền, yêu cầu anh chuyển toàn bộ số dư hiện tại vào số tài khoản tạm giữ của cơ quan nhà nước ngay lập tức.",0
"Xin chào, Viện kiểm sát nhân dân cấp cao vừa phê chuẩn lệnh bắt tạm giam đối với anh do có dấu hiệu tiếp tay cho tội phạm kinh tế đặc biệt nghiêm trọng. Xin anh giữ máy không được ngắt kết nối và phải làm theo đúng mọi hướng dẫn sau đây nếu không muốn bị niêm phong tài sản và bắt giữ tại nhà riêng.",0
"Chào anh chị, tôi là cán bộ thuộc Tổng cục Thuế. Rà soát trên hệ thống điện tử cho thấy doanh nghiệp của anh chị đang trốn thuế thu nhập doanh nghiệp với số tiền vi phạm lên tới hàng tỷ đồng. Để tránh việc bị cưỡng chế thu hồi giấy phép kinh doanh, đề nghị anh chị truy cập ngay vào đường dẫn cổng thông tin VNeID giả mạo để cập nhật dữ liệu sinh trắc học và nộp phạt.",1
"Chúng tôi gọi từ bộ phận một cửa của cơ quan Bảo hiểm xã hội Việt Nam. Hồ sơ yêu cầu giải quyết chế độ tử tuất và trợ cấp thất nghiệp của gia đình bạn đang bị treo trên hệ thống VssID. Vui lòng bấm vào liên kết ứng dụng bên dưới để tải và cài đặt bản nâng cấp mới nhất nhằm nhận ngay khoản tiền hỗ trợ này.",1
"Cơ quan quản lý trật tự an toàn giao thông xin thông báo. Phương tiện mang biển kiểm soát của bạn đã bị camera phạt nguội ghi hình vi phạm vượt đèn đỏ và chạy quá tốc độ với tổng số tiền phạt là năm triệu đồng. Đề nghị bạn thanh toán ngay qua tài khoản ngân hàng được chỉ định trong tin nhắn để tránh bị tước giấy phép lái xe vĩnh viễn.",1
"Đây là tổng đài hỗ trợ đăng ký định danh điện tử mức độ hai. Do hệ thống Cơ sở dữ liệu quốc gia về dân cư đang quá tải, thẻ căn cước của bạn chưa thể tích hợp. Bạn vui lòng tải một tệp phần mềm theo đường dẫn tôi cung cấp và cấp quyền trợ năng toàn diện để chuyên viên của chúng tôi thao tác thay bạn.",1
"Xin chào quý khách, nhân viên chăm sóc khách hàng mạng Viettel xin thông báo thuê bao của quý khách sẽ bị khóa hai chiều sau đúng hai giờ đồng hồ nữa. Nguyên nhân là do bạn chưa tiến hành chuẩn hóa thông tin cá nhân trùng khớp với cơ sở dữ liệu quốc gia theo thông tư mới của Bộ thông tin và Truyền thông. Để được hỗ trợ trực tuyến, quý khách vui lòng bấm phím một.",2
"Thông báo khẩn từ nhà mạng Mobifone. Gần đây thuê bao của bạn liên tục bị nhiều người dùng khiếu nại về hành vi nhắn tin rác và gọi điện lừa đảo. Hệ thống sẽ tự động thu hồi số điện thoại này nếu bạn không chứng minh được danh tính bằng cách nộp lệ phí năm trăm nghìn đồng qua tài khoản ngân hàng để kỹ thuật viên gỡ lệnh vi phạm.",2
"Chào bạn, nhà mạng Vinaphone xin chúc mừng bạn là một trong những khách hàng may mắn được nâng cấp miễn phí từ sim bốn G lên sim năm G với dung lượng truy cập dữ liệu không giới hạn. Để kích hoạt gói cước tốc độ cao này ngay trên thiết bị, bạn hãy đọc mã xác thực OTP gồm sáu chữ số vừa được tổng đài gửi vào phần tin nhắn.",2
"Trung tâm hỗ trợ dịch vụ viễn thông thông báo, đường truyền cáp quang internet tại nhà bạn sẽ bị cắt đứt hoàn toàn trong sáng ngày mai do có dư nợ cước dịch vụ tiện ích chưa thanh toán. Mời bạn làm theo hướng dẫn gửi tin nhắn theo cú pháp để thanh toán lập tức cước phí nếu không muốn trải nghiệm mạng bị gián đoạn.",2
"Chào bạn, tôi là thành viên ban quản trị bảo mật của Facebook Việt Nam. Hệ thống phát hiện tài khoản của bạn đang liên tục đăng tải những hình ảnh vi phạm tiêu chuẩn cộng đồng và có chứa mã độc. Tài khoản sẽ bị vô hiệu hóa vĩnh viễn trong vòng hai mươi bốn giờ tới, vui lòng nhấp vào liên kết kháng nghị bên dưới và đăng nhập lại bằng mật khẩu để xác minh.",3
"Cảnh báo khẩn cấp từ Zalo Security. Chúng tôi ghi nhận có một thiết bị lạ vừa cố tình đăng nhập vào tài khoản Zalo của bạn từ nước ngoài để đánh cắp danh bạ và tin nhắn riêng tư. Nhằm gia tăng bảo mật, hãy nhanh chóng cung cấp số điện thoại và toàn bộ mã OTP kích hoạt vừa nhận để chúng tôi tiến hành khóa IP kẻ xấu.",3
"Ban quản trị nền tảng mạng xã hội Tiktok xin thông báo kênh video của bạn hiện đang bị tố cáo vì ăn cắp bản quyền âm nhạc. Chúng tôi sẽ tiến hành khóa kênh và đình chỉ quyền quản trị nếu không nhận được phản hồi. Vui lòng thanh toán một khoản tiền ký quỹ bảo đảm theo đường link này để đội ngũ hỗ trợ khôi phục lại tài khoản cho bạn.",3
"Tài khoản ứng dụng Telegram của bạn gần đây đã bị người dùng khác báo cáo về hành vi tụ tập lừa đảo vay mượn tiền nông. Để lấy lại quyền truy cập mở khóa tài khoản, chúng tôi yêu cầu bạn điền ngay mọi thông tin cá nhân và thông tin tài khoản ngân hàng trực tuyến vào biểu mẫu kiểm duyệt theo đường dẫn đính kèm.",3
"Dạ xin chào chị, tôi là bác sĩ trưởng khoa Hồi sức cấp cứu của Bệnh viện Chợ Rẫy. Rất tiếc phải thông báo rằng con trai chị vừa bị tai nạn giao thông rất nghiêm trọng, hiện đang bị chấn thương sọ não và mất máu cấp tính. Tình trạng đang vô cùng nguy kịch, chị cần chuyển khoản gấp số tiền một trăm năm mươi triệu đồng viện phí vào tài khoản tôi nhắn để mua dụng cụ mổ ngay lập tức.",4
"Alo cho tôi hỏi có phải phụ huynh của cháu Tuấn đang học lớp mười hai trường Lê Hồng Phong không ạ. Em là giáo viên chủ nhiệm đây, cháu đang chơi đá bóng ngoài sân trường thì bị té ngã đập đầu xuống đất đứt mạch máu đang hôn mê sâu. Em đã đưa cháu vào cấp cứu ở bệnh viện tỉnh rồi, chị hãy chuyển khoản tạm ứng cho em sáu mươi triệu đồng để bác sĩ ký duyệt đưa cháu vào phòng mổ khẩn cấp.",4
"Chị ơi em là người đi đường vừa mới đưa chồng chị vào khoa cấp cứu tích cực rẫy bệnh viện đây. Anh ấy bị quẹt xe văng ra đường bất tỉnh nhân sự rồi. Bác sĩ yêu cầu phải có ngay ba chục triệu đồng tiền phí đặt cọc tạm ứng thì mới tiến hành mổ cấp cứu được. Em đang không mang đủ tiền mặt, chị chuyển khoản nhanh vào số tài khoản em nhắn để em đóng tiền hộ cứu mạng ảnh nhé.",4
"Thông báo từ bệnh viện đa khoa trung tâm. Bệnh nhân là người nhà của anh vừa bị nhồi máu cơ tim, hiện đã rơi vào trạng thái hôn mê sâu và cần được tiêm ngay một loại thuốc đặc trị giá rất cao. Để bảo đảm tính mạng, đề nghị người nhà tiến hành chuyển khoản qua mạng để thanh toán toàn bộ hóa đơn viện phí nếu không bác sĩ sẽ từ chối can thiệp y tế.",4
"Chào bạn, mình là đại diện bộ phận an ninh. Tôi đang giữ con gái của ông bà, nếu muốn con bé còn toàn thây trở về nhà thì phải lập tức chuyển đủ một tỷ đồng vào số tài khoản điện tử mà tôi chỉ định. Tuyệt đối không được báo công an, nếu tôi phát hiện có người bám đuôi thì chuẩn bị nhặt xác con gái về ngay trong đêm nay.",5
"Mày hãy nghe cho kỹ đây, số tiền ứng vay nặng lãi hai trăm triệu đồng của mày đã quá hạn thanh toán ba tháng nay không chịu trả. Chiều nay tao sẽ cử một đội anh em giang hồ xăm trổ đến đập phá tận nhà mày và chém rớt cánh tay mày nếu mày không xoay đủ tiền mang ra trả nợ. Muốn giữ mạng sống bình yên cho cả gia đình thì lập tức chuyển tiền gốc và lãi qua tài khoản đàn em của tao ngay.",5
"Bạn đã đụng nhầm ổ kiến lửa và động tới miếng cơm manh áo của hệ thống tôi rồi đấy. Tụi đàn em của tôi đã nắm rất rõ đường đi nước bước, lịch trình đi học của con bạn và giờ giấc vợ bạn đi làm. Khôn hồn thì lập tức rút đơn tố cáo tranh chấp đất đai hôm nọ đi, đồng thời bồi thường cho bọn tao một khoản tiền danh dự. Báo cảnh sát cũng vô ích thôi.",5
"Ông chủ của bọn tao rất tức giận vì mày dám âm thầm đoạt mối kinh doanh sau lưng. Tối nay sẽ có một đội xã hội đen cầm hàng nóng tìm đến tận cơ quan để tính sổ. Cách tốt nhất để mày và gia đình tránh khỏi đòn thù là ngoan ngoãn đền bù thiệt hại bằng tiền mặt và chuyển khoản ngay lập tức vào số tài khoản này.",5
"Chào trưởng phòng, chị là giám đốc tài chính đây. Chị đang bận một cuộc họp với hội đồng quản trị rất quan trọng không tiện nghe máy. Đối tác bên nhà thầu nước ngoài đang hối thúc việc giải ngân lô hàng vật tư gấp, chị đã làm lệnh rồi nhưng hệ thống ngân hàng công ty đang bị lỗi đường truyền chữ ký. Em linh động dùng phần tiền quỹ cá nhân chuyển ứng tạm cho đối tác năm mươi triệu đồng giùm chị đi, lát họp xong chị ký phiếu chi trả tiền ngay cho em.",6
"Dạ báo cáo anh, em bên bộ phận kế toán chi nhánh. Hệ thống máy chủ hóa đơn xuất nhập khẩu của công ty mình vừa bị sập do hacker tấn công. Khách hàng VIP đang làm ầm lên đòi bồi thường vì hợp đồng bị trễ nải. Sếp làm ơn nhanh chóng nạp tiền xuất quỹ ứng trước cọc bồi thường vào số tài khoản giả mạo bên dưới giúp em, nếu không họ sẽ làm đơn khởi kiện doanh nghiệp mình đó.",6
"Bộ phận tài chính duyệt chi xin nghe. Cảnh báo việc có sự chênh lệch lớn ở các tờ hóa đơn xuất nhập khẩu hải quan. Công ty đối tác yêu cầu nộp thêm lệ phí giải cứu số lượng hàng buôn lậu bị ách tắc nghẽn ở cảng. Các giám đốc cấp bách thu xếp quỹ chi tiền đút lót cho cơ quan chuyên ngành để nhận hàng ngay trong ngày hôm nay.",6
"Em chào sếp, em gọi từ chi cục thuế kế toán báo cáo. Công ty của sếp bị phát hiện lập khống hồ sơ khai báo thuế và trục lợi hoa hồng hơn hai tỷ đồng. Ngay trong buổi sáng hôm nay, nếu không muốn bị phòng cảnh sát điều tra tội phạm kinh tế khởi tố ra tòa thì hãy nhanh chóng nộp lại tiền khắc phục hậu quả qua số tài khoản kho bạc nhà nước theo đường link bên dưới.",6
"Chú em đang rảnh không, dạo gần đây anh đang bị kẹt dòng vốn kinh doanh cục bộ mà bên cung cấp vật liệu xây dựng lại siết nợ gắt gao quá. Hết cách xoay sở anh đành mạn phép gọi điện hỏi chú xem có số tiền tiết kiệm đồng nào mượn tạm đắp vào vài chục triệu chuyển khoản qua cho anh được không. Cuối tháng gom được công nợ anh sẽ lập tức thanh toán sòng phẳng lại cho.",7
"Chị ơi, em đang đi đến đoạn thanh toán viện phí ở bệnh viện thì đột nhiên thẻ ngân hàng bị nuốt lỗi hệ thống không rút được tiền ra. Em đang kẹt và bối rối quá không có tiền mặt trong người. Chị thương tình quẹt thẻ chuyển khoản ứng cho em mượn giúp hai chục triệu bù vô tạm đóng viện phí được không, chiều về có mạng em khắc phục xong sẽ ra quầy chuyển trả lại chị gốc và lãi.",7
"Sếp ơi, đứa nhỏ nhà em ở dưới quê đang tới hạn đóng học phí xét tuyển du học mà ứng dụng Momo của em vừa bị báo lỗi không chuyển khoản đi được. Sếp thương tình duyệt tạm ứng quỹ cho em mượn đỡ vài chục triệu lo cho cháu đóng trước đi kẻo trễ hạn, tháng sau khi nào có lương lãnh thưởng em gửi lại phòng kế toán đầy đủ không thiếu một đồng nào.",7
"Bạn ơi công ty mình đang thiếu dòng tiền cục bộ không xoay ra nổi tiền mặt để kịp thời phát lương cho đội ngũ nhân công xây dựng. Mình cầu cứu xin bạn có số tiền tiết kiệm đồng nào mượn tạm đắp vào vài ngày cho khỏi gãy hợp đồng với người lao động không. Đầu tuần sau tất toán xong đợt hàng này mình sẽ báo hiếu gửi lại đầy đủ cho bạn liền.",7
"Chào tình yêu bé nhỏ của anh. Hiện tại anh đang làm kỹ sư dầu khí ở ngoài giàn khoan quốc tế tại vùng biển Trung Đông, thu nhập rất cao. Anh đã mua gửi về Việt Nam cho em một kiện hàng gồm toàn túi xách hàng hiệu thiết kế, nữ trang đắt tiền và đặc biệt là một chiếc vali bí mật chứa hai triệu đô la tiền mặt để chúng ta làm vốn xây lâu đài sau này. Khi nào công ty vận chuyển nhắn tin, em nhớ chuẩn bị vài chục triệu hối lộ hải quan nhé.",8
"Xin thông báo chị Lê Thị Phượng. Lô bưu kiện chứa lượng lớn ngoại tệ và quà lưu niệm quý giá gửi từ vương quốc Anh mang tên chị hiện đang bị đội kiểm soát hải quan ách tắc tại kho sân bay quốc tế Tân Sơn Nhất. Do giá trị của lô hàng này vượt mức khai báo tự do, chị bắt buộc phải hoàn thành đóng thuế nhập khẩu mức phạt mười lăm phần trăm bằng cách chuyển khoản gấp nếu muốn được thông quan.",8
"Trái tim của anh, anh đã làm xong toàn bộ thủ tục ký kết để gửi tặng em một kiện quà kỷ niệm ngày yêu nhau toàn là kim cương và thẻ đen ngân hàng quốc tế để thể hiện tình yêu của đời anh. Nhưng cơ quan quản lý hải quan đã tiến hành soi chiếu và yêu cầu phải đóng phí bảo vệ tài sản chống lừa rửa tiền. Em hãy cố gắng tự xoay sở số tiền thuế đấy rồi lúc nhận va li tha hồ lấy tiền ra chi xài bù nhé.",8
"Xin chào quý khách, tôi là chuyên viên quản lý cấp cao bên dịch vụ môi giới giao nhận từ nước ngoài. Rất mong quý khách đóng khoản lệ phí bảo hiểm dịch vụ hàng hóa đắt tiền để nhận sớm hành lý cá nhân đang bị kẹt tại cửa khẩu hải quan. Chúng tôi hoàn toàn đảm bảo rằng sau khi đóng tiền bưu kiện này sẽ được hãng chuyển phát ưu tiên gửi hỏa tốc cho bạn để đưa phân quà đắt tiền vượt chướng ngại vật về tận nhà.",8
"Tao đã âm thầm quay lén được những hình ảnh lõa thể và gửi toàn bộ đoạn video nhạy cảm của mày trong nhà nghỉ đêm qua lên máy chủ đám mây rồi. Trưa nay nếu mày không chịu chuyển khoản năm trăm triệu đồng vào ví tiền điện tử tao đưa, tao sẽ phát tán tài liệu này cho bạn bè, người thân, đồng nghiệp và tất cả các diễn đàn lớn trên mạng xã hội. Mày cứ tự suy nghĩ hậu quả của việc tan nát danh dự và tiêu tan sự nghiệp đi.",9
"Chúng tôi đã theo dõi, sao lưu và thu thập thành công toàn bộ hoạt động lịch sử lén lút truy cập các trang web có nội dung đồi trụy của đối tượng. Nếu không muốn vợ con gia đình dòng họ đồng nghiệp báo chí bêu rếu nhục mạ và thân bại danh liệt thì phải ngay lập tức trả khoản phí bịt miệng ngậm tiền chuộc gạt khổng lồ này vào số tài khoản tiền ảo đã được mã hóa đính kèm.",9
"Chào anh bạn, đơn vị sửa chữa máy tính của chúng tôi đã vô tình sao chép được dữ liệu chứa đoạn video quay cảnh riêng tư nhạy cảm của bạn tại khách sạn với bồ nhí. Bạn suy nghĩ kỹ xem có muốn mua đứt lại toàn bộ ổ cứng di động này không hay muốn chúng tôi đem quảng bá nó vào công sở và cho ban giám đốc công ty coi tống tiền giải tán xí nghiệp. Có tiền thì clip bay màu hoàn toàn.",9
"Lời cảnh báo và lựa chọn cuối cùng dành cho bạn đây. Nếu ứng dụng thẻ ngân hàng của tôi không lập tức báo tin nhắn biến động số dư theo đúng yêu cầu đã thỏa thuận thì chúng tôi sẽ nhanh chóng xé rách danh dự của bạn bằng cách gửi trực tiếp tập tin đính kèm video clip khỏa thân đó cho tất cả các địa chỉ liên hệ và diễn đàn đen để họ cùng lan truyền chiêm ngưỡng.",9
"Chúng tôi đại diện cho hội từ thiện Bông Sen Vàng, đang trong tâm thế phát động chiến dịch kêu gọi quyên góp khẩn cấp để cứu trợ đồng bào các tỉnh Tây Bắc vừa bị lũ quét chia cắt tàn phá toàn bộ nhà cửa. Mọi ngả đường đều gãy sập, người dân thân cô thế cô đang chịu cảnh đói rét kinh hoàng. Kính thiết tha mong mỏi các nhà hảo tâm cùng chung tay đóng góp tiền mặt qua số tài khoản quỹ dưới đây để mua gạo nước mì tôm chia sẻ hoạn nạn.",10
"Thay mặt quỹ tấm lòng nhân ái hướng về miền Trung, chúng tôi đau lòng thông báo cơn lũ quét lịch sử vừa qua đã cuốn trôi tiêu hủy hoàn toàn hạ tầng cơ sở vật chất của viện bảo trợ trẻ mồ côi vùng cao. Toàn bộ cán bộ tổ chức nay đang ráo riết kêu gọi quyên góp khẩn cấp bằng hình thức chuyển khoản mạnh thường quân gửi vào thẻ tín dụng dưới đây nhằm trực tiếp chia sẻ nỗi nhọc nhằn cho đồng bào vùng bão.",10
"Ai có lòng hảo tâm xin thương xót từ bi chuyển tiền mua một cỗ quan tài chôn cất cho cụ già thảm thương neo đơn vô gia cư lang thang vừa mới gặp phải một vụ chấn thương sọ não do tai nạn giao thông kinh hoàng trên quốc lộ vắng. Con cái cụ đã không còn ai, vì vậy mọi quyên góp ủng hộ nhằm giúp đỡ mai táng phí xin được chuyển theo thông tin trên bài chia sẻ để đưa cụ về nơi an nghỉ vĩnh hằng.",10
"Hoàn cảnh của hai mẹ con nghèo này thật đáng thương. Người mẹ vừa được chẩn đoán mắc bệnh hiểm nghèo tốn kém hàng chục triệu để hóa trị chữa bệnh mà đứa con trai nhỏ lại sắp bị đuổi học vì không có tiền ăn. Hiện tại sức khỏe suy kiệt mong quý doanh nghiệp và các mạnh thường quân gần xa mở rộng tấm lòng từ bi cứu giúp bằng cách ủng hộ chuyển khoản trực tiếp vào quỹ hỗ trợ gia đình khó khăn đang dính kèm dưới bài đăng này.",10
"Chào anh chị, chúng tôi đang có nhu cầu tuyển gấp cộng tác viên làm sàn giao dịch ngoại hối tiền tệ toàn cầu và tham gia nền tảng tiền điện tử phi tập trung sinh lời khổng lồ. Chỉ cần bỏ ra một số vốn ký quỹ rất nhỏ tham gia ban đầu chưa tới năm trăm đô la, chuyên gia đọc lệnh cấp cao của chúng tôi sẽ hướng dẫn kéo tài khoản của anh chị siêu lợi nhuận đạt mức tới năm mươi phần trăm mỗi ngày, cam đoan không bao giờ thua lỗ.",11
"Bên em tự hào là trung tâm đại diện của sàn chứng khoán nội bộ chuyên bảo chứng và phát hành siêu cổ phiếu ưu đãi có tỷ suất sinh lời cực đỉnh trong mùa đầu tư này. Với số lượng vé tham dự có hạn, anh chị bắt buộc phải nâng cấp tài khoản lên thẻ VIP bằng hình thức chuyển tiền mạnh vào hệ thống để có tư cách nghe lệnh của chuyên gia ủy thác đòn bẩy. Lấy lợi nhuận nổ ngay trong ngày là tôn chỉ, sập sàn thì chúng tôi bù đắp gấp đôi.",11
"Các nhà đầu tư thân mến có muốn tìm hiểu lĩnh vực đầu tư tài chính chứng khoán tiền ảo hay làm giàu nhanh chóng không. Tất cả các công ty đứng sau sàn giao dịch quốc tế siêu uy tín này đều bảo trợ mạnh mẽ nền tảng đánh biên độ lợi nhuận cam kết an toàn, không đòi hỏi người chơi có kiến thức. Lãi suất cam kết cao hơn tất cả ngân hàng thương mại nhà nước, gửi số vốn nhàn rỗi nhỏ cũng có thể sinh lời thụ động rủng rỉnh.",11
"Gợi ý đầu tư vào hội nhóm VIP kín đáo chuyên phân tích và chia sẻ biểu đồ nến xanh của chuyên gia cao cấp, cam kết bùng nổ vượt rào mọi lợi nhuận giao dịch ảo trên hệ thống chuỗi khối đa tầng bậc. Đối với mỗi gói nhận lệnh đầu tư kích cầu của chúng tôi hàng ngày, bạn có thể dễ dàng bỏ túi hàng chục triệu đồng tiền lời chênh lệch mua bán. Tham gia nạp vốn và tận hưởng cuộc sống không lo nghĩ.",11
"Xin chào, bên trung tâm cụm rạp chiếu phim quốc gia đang cần tuyển gấp ba mươi cộng tác viên xem phim tại nhà và đánh giá tương tác chất lượng đồ họa cốt truyện trên ứng dụng trực tuyến để cải thiện chỉ số người xem nhanh. Công việc thực sự vô cùng đơn giản, vừa cày view thư giãn vừa có thu nhập trả thẻ theo ngày hoa hồng cực cao. Xin bấm theo dõi kết bạn Zalo tổng đài để đóng tạm ứng phí giữ chân tham gia nhiệm vụ ngay.",12
"Công việc làm part time buổi tối vô cùng nhàn rỗi nhưng thù lao lại cực kỳ ổn định. Bạn đăng nhập vào ứng dụng và chỉ việc xem rồi thả tim tương tác các video gắn link Tiktok, bấm follow các kênh YouTube chỉ định là đã nhận được chiết khấu vài trăm ngàn một lượt thả tim. Để lên cấp lãnh hoa hồng tiền tỷ thì yêu cầu đối tác phải hoàn tất ứng tiền nộp hệ thống nạp thẻ tín dụng thanh toán để gia hạn hạn mức nhiệm vụ cao cấp.",12
"Chúng tôi đang tìm hiểu và khai thác việc cày đánh giá ảo khống thu về lượt mua hàng thả tim chốt đơn trên nền tảng ứng dụng thương mại điện tử nhằm đẩy SEO cho gian hàng khởi nghiệp. Bấm đăng ký tham gia vào hội để nhận link hướng dẫn hoàn tiền đại lý chiết khấu lớn nhất thị trường này. Nhớ giữ biên lai hoàn tất giao dịch nạp cọc trước hệ thống để bên em tạo đơn hàng rác chia lãi trực tiếp vào tài khoản ngân hàng.",12
"Quy định nhận lệnh thực hiện chuỗi nhiệm vụ đánh giá uy tín làm tăng hạng sao mới cho nhãn hàng thì nhân viên hợp tác phải tuân thủ nghiêm ngặt bằng việc chuyển khoản xác minh danh tính đóng phí mồi nhử khởi điểm qua ứng dụng trung gian. Mức chiết khấu nóng mỗi phiên chốt lệnh sẽ được cho phép người dùng rút nhanh về tài khoản bất kỳ lúc nào nếu bạn duy trì trạng thái thả tim liên tục và không làm gián đoạn dây chuyền.",12
"Xin chúc mừng chủ thuê bao của chúng tôi đã trở thành một trong mười vị khách hàng vô cùng xuất sắc rinh trúng được phần thưởng lớn nhất của chương trình tri ân quay số ngẫu nhiên dự thưởng hằng năm. Cụ thể giải thưởng của bạn bao gồm một chiếc xe máy kiểu mới và một thẻ mua sắm đặc quyền có giá trị lên tới sáu mươi triệu đồng tiền mặt. Để nhận món quà lộc này chuyển phát xác nhận hồ sơ, vui lòng hoàn tất chi phí làm hồ sơ đặt cọc và thuế bất thường.",13
"Công ty TNHH Nhập khẩu Thiết bị Điện máy thông qua danh sách bốc thăm ngẫu nhiên đã lựa chọn số điện thoại bạn đang xài trúng phần thưởng độc đắc là cả một phòng hệ thống âm thanh giải trí kèm tivi thông minh cực xịn trị giá trăm triệu. Bạn cần nhanh tay điền kết bạn và gửi ảnh chứng minh để kiểm kê danh sách. Ngoài ra hãy thanh toán đẩy đủ tổng cước dịch vụ bưu phẩm bảo đảm giùm phòng lễ tân nhé.",13
"Lời báo cáo mừng kỷ niệm hôm nay dành riêng bạn với sự may mắn là người thứ hai trên hệ thống bốc thăm đã trúng độc đắc xe tay ga Honda mới cáu. Xin vui lòng nhận mã số tặng mã thẻ quy đổi giải đặc biệt của nhãn hàng. Để rinh luôn giải thưởng về tận cổng, xin bạn chịu khó chuyển đi số tiền nộp VAT và lệ phí xuất kho gửi tổng đài ngân quỹ để chúng tôi kích hoạt gửi vận chuyển phần quà đi an toàn.",13
"Phòng dịch vụ khách hàng điện lực xin trân trọng thông báo gia đình chị xuất sắc đã bốc thăm trúng tủ lạnh siêu tiết kiệm điện cùng dàn máy lạnh cao cấp. Bạn mau chóng xác nhận phần thưởng khổng lồ và đóng khoản lệ phí bảo lưu chuyển vùng bảo hiểm vận chuyển hàng hóa đắt tiền qua kho bạc. Lượng tiền này dùng để làm tin và hồ sơ sẽ được xuất chứng thực giải thưởng tới tận địa phương gửi đến hai vợ chồng sớm nhất.",13
"Hội đồng chuyên gia phân tích và theo dõi kỹ lưỡng quy luật của kết quả xổ số kiến thiết ba miền hôm nay tự tin đã chốt hạ một bảng số bạch thủ độc đắc với tỷ lệ nổ tuyệt đối chắc chắn trúng một trăm phần trăm. Những anh em nào đang trượt xa bờ lỡ nhịp gãy cầu thì nhanh chóng chuyển tiền cọc mua mạnh thông tin tại đường dây nóng VIP này nhé. Đảm bảo lô rơi đúng giải như ý, chiều không nổ trúng đề chúng tôi sẽ lập tức hoàn trả tiền phí.",14
"Toàn thể anh em chuyên cày cuốc với những con số chắc hẳn ngày nào cũng đã nghe danh của đội soi cầu dạo ăn tiền rực rỡ lộc vàng rồi chứ. Sau chầu ngồi phân tích xác suất thống kê hôm nay chúng tôi đã tóm được giải lô nháy kẹp đít của lồng quay đài xổ số quốc gia. Nhanh tay đăng ký đóng phí nhận ngay một cặp bao lô duy nhất đảm bảo anh em trúng thu hốt bạc rủng rỉnh chiều nay.",14
"Cam kết đanh thép từ các thầy phán số lô đề bạch thủ câm chuẩn rụng kẹp chạm nhái nổ tưng bừng phá sập lồng nhà cái với tỷ lệ chuẩn xác. Đầu tư lộc chiều nay phải theo dây lô xiên câm thu kíp tót số. Anh em mà vẫn đang đánh loạn xạ thì mau bỏ nạp phí báo giá cầu lô soi chốt thần sầu, nháy giải nào bao nháy giải đó hốt trọn niềm tin từ bàn tay phù thủy của tôi.",14
"Cứu giúp anh em ngoài đảo khơi bám trụ về đoàn tụ gia đình bằng bạch thủ lô bão sập chốt lãi căng nhất năm. Nhanh tay đóng phí nhắn con lô xiên kép chạm dốc xổ cực cháy nháy nổ lộc trời báo luôn sáu mươi bộ kíp xịn phát lộc cho dòng họ làm rạng rỡ gia trang. Nạp mạnh tay đóng phí thì chuyên gia hội đồng giải mã mới bật mí đường dây con bạch câm ăn bão nổ rụng tỷ lệ trúng gạt hết xui xẻo nợ nần cho anh em đổi vận.",14
"Công ty tư vấn cư dân di trú châu Âu xin phép giới thiệu quy trình bảo lãnh xuất nhập cảnh định cư trọn gói có khả năng lo lót thẻ xanh và cấp chứng nhận visa đi làm thần tốc mà không cần đánh giá kiểm định sao kê nguồn tài chính khắt khe. Ứng viên chỉ cần gửi thẳng tấm hộ chiếu gốc sau đó chuyển phần phí chống trượt bảo hiểm đứt gãy để đường dây đại lý xử lý mượt mà vào máy bay ngày mai bay lập tức làm việc thu nhập ngàn đô.",15
"Hiện tại phòng tổng hợp trung tâm mình đang mở xuất ngoại môi giới ưu tiên và hoàn tất làm hồ sơ hợp thức hóa lao động visa Nhật Bản và Hàn Quốc theo diện chuyên viên tay nghề cao công xưởng chuyên đẩy bao chống rớt đậu thẳng phỏng vấn. Các hồ sơ tuổi tác quá hạn hoặc dính án nợ xấu trên cục xuất nhập cảnh đều được hệ thống lách luật lo bôi trơn xanh sạch đẹp mà không tốn công chứng.",15
"Tuyển sinh du học kết hợp trải nghiệm làm thêm với chi phí cực thấp, tỷ lệ đậu visa trơn tru lọt đứt không rớt trượt đảm bảo sang chân trời mới sinh sống hợp pháp bảo kê lâu dài. Xin ứng viên đăng ký hãy chuẩn bị trước lệ phí môi giới đóng góp cho đại lý chuyên lường trước những hồ sơ xấu mộc đỏ thẻ để đi thông suốt an lạc. Nạp cọc mạnh là sẽ có lịch bay sang tuần hoàn hảo cho tương lai mở rộng.",15
"Bảo vệ pháp lý bằng cấp ngoại hạng chuyên chống rớt trượt gãy đường dây lao động phổ thông nhận việc hái trái cây lương siêu to siêu khổng lồ xuất ngoại thần tốc. Chúng tôi lo sẵn chỗ ăn ở, visa trọn gói gật thẻ mộc chuyên đánh đứt gãy bảo lãnh dọn dẹp cặn kẽ những sơ sài của quá trình nộp đơn trượt, tạo nền tảng thủ tục chùi bay lịch sử xấu cho người lao động, miễn là có cọc tiền lệ phí lường đi nhẹ bẹp vào thẻ tổng công ty thu trước.",15
"Tin nhắn SMS từ tên miền VCB_Alert: Tài khoản đuôi 1234 của bạn vừa thực hiện thành công giao dịch trừ số tiền ba mươi triệu đồng. Nếu không phải bạn thực hiện, vui lòng truy cập đường link vcb-banking-smart.com để hủy lệnh khẩn cấp, đồng thời xác nhận mã OTP vừa gửi đến để khóa tạm thời thiết bị truy cập trái phép.",16
"Cảnh báo bảo mật từ ngân hàng BIDV. Hệ thống thẻ ATM của quý khách đang có dấu hiệu liên kết với nền tảng tiền ảo chưa được cấp phép. Để đảm bảo an toàn, thẻ của bạn sẽ bị đóng băng ngay lập tức. Đề nghị đăng nhập vào hệ thống xác thực trực tuyến qua đường dẫn gửi kèm, tuyệt đối không tiết lộ mã xác thực giao dịch sáu số cơ bản cho bất kỳ ai.",16
"Ngân hàng Quân Đội MBBank xin thông báo điểm tín dụng của bạn đang bị liệt vào nhóm nợ xấu cấp độ ba do có một khoản vay đứng tên bạn giải ngân tuần trước chưa thanh toán nợ gốc. Chúng tôi sẽ tiến hành thu hồi tài sản thế chấp. Nếu có sai sót, vui lòng nhấp vào liên kết kiểm tra hạn mức rồi cung cấp mã bảo mật điện thoại để hủy hồ sơ.",16
"Tổng đài VietinBank xin kính chào. Bạn vừa được duyệt một khoản vay thấu chi tín chấp giới hạn một trăm triệu đồng từ đối tác uy tín. Số tiền này sẽ tự động giải ngân nếu chữ ký số của bạn được thiết lập. Hãy đăng nhập tài khoản Smart Banking vào địa chỉ web ảo chúng tôi cấp để kích hoạt, nhớ nhập đúng mã xác thực giao dịch tĩnh gửi qua máy.",16
"Chào bạn, mình là shipper của đơn vị Giao Hàng Tiết Kiệm. Bạn có một kiện bưu phẩm từ nước ngoài gồm nước hoa và đồng hồ hiệu trị giá hơn hai triệu đồng đang neo ở bưu cục chờ thanh toán COD. Hôm nay do gọi bạn không được nên nếu bạn muốn nhận ưu tiên thì chuyển khoản số tiền hàng này trước cho mình nhé, chiều tối đi qua mình giao thẳng vào nhà.",17
"Theo thông báo từ bộ phận kho vận trung tâm, kiện hàng quần áo mà bạn trả về đang bị lỗi đóng gói hư hỏng nặng, dẫn đến từ chối tiếp nhận hoàn tiền. Để khiếu nại nhà vận chuyển, shop cần bạn thanh toán khoản tiền phí bảo đảm hàng hóa hư hỏng khoảng ba trăm nghìn đồng để duy trì trạng thái khiếu nại. Xong việc shop sẽ bồi hoàn toàn bộ số tiền này lại cho tình yêu.",17
"Phiếu bảo hành điện tử của bạn trên nền tảng thương mại mua sắm lớn đã hết hạn xử lý. Món hàng máy tính bảng bạn đặt sai màu tuần trước sẽ không được đối trả nếu không nộp trước khoản cọc bù chênh lệch tiền vận chuyển. Hãy nhanh chóng làm theo hướng dẫn chuyển tiền qua ví Momo đại diện của kho để họ kích hoạt quá trình thu hồi thiết bị.",17
"Bên phòng tiếp nhận hoàn trả xin gửi email thông báo từ chối đền bù đơn hàng mỹ phẩm đổ nát. Tại vì mã vận đơn của bạn nằm ngoài danh sách ưu tiên. Nếu bạn muốn lách luật duyệt nhanh khoản đền bù này, hãy gửi tiền bồi dưỡng hỗ trợ một lít rưỡi cho tư vấn viên để chúng tôi thao tác lệnh chuyển khoản bồi thường gốc vào đêm nay ngay lập tức.",17
"Cảnh báo cước phát sinh. Điện thoại di động của bạn đã ngầm kích hoạt dịch vụ nhận tin nhắn hình ảnh bản quyền với chi phí bị trừ mỗi ngày là một trăm nghìn đồng. Để hủy gói cước tốn kém không minh bạch này, vui lòng truy cập ngay vào đường dẫn ứng dụng đi kèm và nhấp chọn hủy đăng ký toàn bộ tiện ích phát sinh cước mà không tốn thêm bất kỳ khoản phí nào nữa.",18
"Thông báo gia hạn tự động dịch vụ VIP của ứng dụng xem phim trực tuyến quốc tế. Do tháng trước bạn đã bấm vào xem thử nên hệ thống sẽ tiếp tục gia hạn một năm thuê bao với giá hai triệu đồng và trừ tự động qua ngân hàng trưa nay. Nếu muốn ngăn chặn quá trình xử lý rút tiền tự động, hãy truy cập link này và xóa chứng nhận ủy quyền thanh toán.",18
"Bạn vừa tải xuống một trò chơi di động có chứa mã ẩn trừ tiền định kỳ qua sim điện thoại. Khoản phí tháng đầu tiên đã được cập nhật vào hóa đơn mạng với giá trị rất cao. Đừng để dế yêu bị tàn phá vì cước phí trên trời, hãy vào trang web bảo mật bên dưới để cài ứng dụng diệt virus miễn phí, hệ thống sẽ tự động gỡ bỏ các đăng ký rác cho bạn.",18
"Chúc mừng bạn đã đăng ký thành công dịch vụ trò chuyện chuyên gia sinh lý ban đêm với chu kỳ thanh toán hai trăm nghìn đồng mỗi tuần trừ thẳng vào hạn mức thẻ tín dụng quốc tế. Việc hủy dịch vụ qua cú pháp tin nhắn đã bị khóa. Cách duy nhất để hủy trừ cước là cài ứng dụng kiểm soát dòng tiền ảo theo hướng dẫn trực tiếp của nhân viên tổng đài mạng.",18
"Khoản tiền giải ngân từ ứng dụng vay siêu tốc của mày đã bị phạt lãi suất gấp bốn lần do trễ hạn thanh toán một ngày. Mày đừng tưởng đổi sim điện thoại là xong, anh em trên văn phòng tao đã có đủ danh bạ người thân, hình ảnh vợ con mày để in tờ rơi dán khắp cột điện. Chuyển khoản đóng tiền bứt dứt điểm ngày hôm nay đi nếu không muốn bị giang hồ quậy phá.",19
"Thằng giẻ rách kia, vay nợ tín dụng đen qua app của tao gần mười triệu mà nay mày báo không có tiền trả gốc à. Chiều nay tao cho máy tự động gọi điện bêu rếu chửi bới tới công ty chỗ sếp mày, làm phiền cho mày mất việc mới thôi. Khôn hồn thì gom tiền đi vay nóng ở ngoài về tất toán ngay tài khoản cho bọn xã hội đen tụi tao, đừng giỡn với lửa.",19
"Báo cáo quá trình đòi nợ khoản vay nặng lãi của mày đã được chuyển qua bộ phận đánh thuê đòi nợ mướn. Nếu đúng bốn giờ chiều không thấy tin nhắn biến động số dư chuyển khoản vào tài khoản app tài chính thì tao sẽ cho người ghép ảnh bàn thờ vợ chồng mày đăng tải bôi nhọ khắp mạng xã hội. Cái giá cho việc bùng nổ quỹ app tụi tao không hề rẻ đâu.",19
"Đừng hy vọng có cơ quan nào xông vào bênh vực mày khi đã tự nguyện bấm nút vay qua ứng dụng giải ngân thần tốc của tao. Số tiền nợ đang ngày một đội lên như lãi mẹ đẻ lãi con rồi. Nếu mày thực sự muốn được yên ổn thân thể thì cứ đúng hẹn gom tiền gửi vào số thẻ này, một chữ xin khất là một chậu mắm tôm ném thẳng vào cửa kính tiệm kinh doanh của mày.",19
"Chào mọi người, bên mình nhận hỗ trợ giải nén và bẻ khóa khôi phục tất cả tài khoản Facebook, Instagram, hay iCloud bị khóa vĩnh viễn không cần mật khẩu gốc. Công nghệ phần mềm tiên tiến nhất cam kết kéo nick về chính chủ vỏn vẹn trong vòng ba mươi phút không để lại dấu vết. Chỉ cần nhắn tin chuyển trước bảy mươi phần trăm cọc bảo đảm là bên mình tiến hành làm mồi phá hệ thống bảo mật ngay.",20
"Tài khoản mạng xã hội triệu view của bạn bị hacker nẫng tay trên rồi và có thể mất luôn cần câu cơm. Cực kỳ thấu hiểu điều đó, dịch vụ can thiệp lập trình bẻ khóa của chúng tôi có thể chọc thủng hàng rào bảo mật hai lớp vượt lỗi xác minh danh tính. Nhanh tay điền form yêu cầu gửi kèm phí đặt cọc xử lý là hệ thống bắt đầu quét và thu thập lại quản trị viên ngay lập tức.",20
"Để giải cứu tài khoản Zalo hoặc Facebook bị khóa checkpoint do nhầm lẫn, dịch vụ cứu vớt thần tốc của tôi hân hạnh đồng hành phục vụ. Không rườm rà giấy tờ thân phận, phần mềm tự viết của đội ngũ chuyên gia công nghệ sẽ tìm lỗ hổng để đổi trực tiếp email đăng nhập bằng mã nguồn mở cực kỳ cao cấp. Các bạn cứ tự tin chuyển phí bôi trơn mua tool, thất bại mình hoàn vốn đầy đủ.",20
"Dịch vụ tra cứu thu hồi toàn bộ nội dung tin nhắn đã bị xóa trên các ứng dụng đa kênh, phá khóa thiết bị điện thoại không thể xâm nhập. Đối với dòng máy có độ bảo mật cao, bọn tôi cần phải có phí lót tay gửi đại lý bảo mật trung gian để cấp quyền truy quét ổ cứng đám mây. Đảm bảo chất lượng, bảo mật thông tin tuyệt đối bằng danh dự, ứng trước lệ phí mồi một triệu để xem điều kỳ diệu xảy ra.",20
"Đây là tin nhắn cuối cùng để hoàn tất việc ghi danh tham dự buổi diễn thuyết kín hướng dẫn làm giàu không giới hạn, đột phá kinh doanh ngàn tỷ và kinh nghiệm gọi vốn không đồng của diễn giả nổi tiếng quốc tế cấp chứng chỉ VIP. Để nhận được liên kết vào phần mềm Zoom buổi học cao cấp tối nay, quý cá nhân vui lòng ưu tiên đóng phí gia nhập hệ sinh thái kinh doanh trị giá hai mươi triệu đồng.",21
"Khóa học chuyên sâu khai phá sức mạnh tiềm ẩn của não bộ giúp chốt sale không trượt phát nào, thu về hàng trăm triệu mỗi quý cho một người làm tay ngang mà không cần bất cứ kiến thức nền tảng nào. Học viên phải đóng thêm khoản học phí kèm cặp đặc biệt và lệ phí làm bộ hồ sơ bảo lãnh doanh thu để chúng tôi phân công trợ giảng bám sát. Chỉ cần học ba buổi là làm giàu dễ như trở bàn tay.",21
"Chúng ta chỉ còn lại đúng năm suất đăng ký tham gia giao lưu bí thuật tạo dòng tiền thụ động tỷ phú không bao giờ lỗ vốn qua các ứng dụng chứng khoán do chuyên gia đầu ngành lèo lái chỉ điểm. Các quỹ học bổng sẽ không chi trả cho điều vi diệu này nên bạn cần nộp liền khoản quỹ cam kết giữ vé lên đến năm mươi triệu đồng. Hãy chuyển khoản học phí đầu vào mạnh mẽ để đổi lấy chìa khóa vạn năng cho tương lai mở sáng.",21
"Tôi đại diện ban tổ chức chương trình đào tạo quản trị vận hành chốt đơn khởi nghiệp không đồng mảng thương mại điện tử trực tuyến rầm rộ nhất toàn quốc. Do tính chất tuyệt mật của các chiêu trò đẩy doanh số mười ngàn đơn hàng mỗi tiếng, tôi buộc phải yêu cầu học viên quyên góp phí nộp bản quyền học thuật vào số tài khoản duy nhất dưới đây. Đảm bảo đi học về là dư sức tạo biệt thự lầu son vô tận.",21
"Dạ chị Hồng ơi chị coi lại giùm em danh sách bảng lương tháng mười hai bổ sung của tụi công nhân thời vụ ngoài xưởng nha. Phụ cấp tăng ca ban đêm tụi nó em tính còn dư mấy chục ngàn tiền lẻ nên em dồn hết qua mục phí bồi dưỡng độc hại luôn cho dễ xuất toán chứng từ. Cái đó hôm qua em có để kẹp chung với sấp lệnh chi trên bàn làm việc của sếp luôn rồi đó chị.",22
"Ê Lâm, tối nay mấy giờ đi đá banh rủ thêm mấy ông bạn trong tổ kỹ thuật làm vài ly bia mực nướng giải mỏi coi. Bữa nay trời ui ui mát mẻ, đá xong ghé qua làm nồi lẩu xí quách sườn non cho ấm bụng rồi hẵng về. Nay tui mới vừa được thưởng KPI nên tui giành quyền trả chầu này cho mấy cha đó nhe, khỏi phải lôi rách ví giành giựt tính tiền như đợt trước. Có đi thì kêu nhau trước một tiếng.",22
"Em bảo này anh, lô hàng cáp đồng ngoài bãi hôm qua chuyển vô bị thiếu mất hai mươi cuộn so với giấy tờ. Em hỏi chú quản lý rồi ổng nói do xe bị hết chỗ nhét nên đỗ gửi lại kho bên đó sáng mai mới chở tiếp đợt hai vào bổ sung cho mình luôn. Anh khỏi cần duyệt trừ trừ vào dự toán vật tư làm chi cho anh em kế toán cực công bôi xóa hồ sơ lộn xộn, chờ trích vô là khớp.",22
"Trời đất ơi con Lan chiều nay nó đem cái báo cáo kinh doanh qua bên ban giám đốc thuyết trình sao mà lọng cọng rung lập cập như gà mắc đẻ, đọc sai lất phất ba bốn chỗ khiến sếp cau mày nhắc nhở. Vậy nên bữa sau mày nói nó sửa soạn kỹ lưỡng từ nhà, rà soát chính tả dữ liệu đàng hoàng hẳn nộp. Ai chứ sếp bên phòng mình gắt gao mấy vụ chi li mấy con số lẻ này chết đi sống lại.",22
