"Chào anh, em là Lan, chuyên viên tư vấn tại ngân hàng Vietcombank chi nhánh Hà Nội. Em gọi để thông báo thẻ tín dụng của anh đã được duyệt. Anh có thể đến chi nhánh gần nhất mang theo CCCD để nhận thẻ và ký hợp đồng ạ.",22
"Dạ anh Minh ơi, em là Hồng bên bộ phận chăm sóc khách hàng Techcombank đây ạ. Em gọi để thông báo tài khoản của anh đang có ưu đãi hoàn tiền 5% khi chi tiêu qua thẻ trong tháng này. Anh có muốn em tư vấn thêm về chương trình không ạ?",22
"Alo vợ ơi anh gọi cho em, chiều nay anh rút tiền tiết kiệm ở ngân hàng về rồi. Em nhớ nhắc anh mang thêm sổ tiết kiệm và CMND theo nhé. Hẹn gặp em tối.",22
"Chào chị Nga, em là nhân viên BIDV chi nhánh quận 7 đây ạ. Em gọi để nhắc chị khoản vay mua nhà đến kỳ thanh toán ngày 25 này. Chị vui lòng chuyển khoản số tiền 8 triệu 500 vào tài khoản của chi nhánh hoặc đến trực tiếp nộp tiền ạ.",22
"Bạn ơi tôi là nhân viên MB Bank chi nhánh Đà Nẵng gọi đây. Tôi muốn hỏi bạn có muốn mở thêm tài khoản tiết kiệm online lãi suất 6.8% một năm không. Thủ tục đơn giản, bạn chỉ cần xác nhận thông tin qua app MB Bank là xong.",22
"Anh ơi tôi là nhân viên phòng thẻ ACB gọi đây. Tôi muốn thông báo thẻ ATM của anh sắp hết hạn vào cuối tháng này. Anh đến chi nhánh gần nhất mang theo CCCD để làm thủ tục gia hạn hoặc đổi thẻ chip mới hoàn toàn miễn phí ạ.",22
"Em chào anh, em là Vân bên Sacombank. Anh có phải là chủ tài khoản số đuôi 4521 không ạ? Em gọi để xác nhận thông tin cập nhật địa chỉ theo yêu cầu mà anh đã đăng ký hôm qua trên ngân hàng điện tử ạ.",22
"Alo anh ơi, em shipper của GrabExpress đây ạ. Em đang cầm đơn hàng của anh từ shop thời trang Zara rồi ạ. Em đang ở đầu ngõ nhà anh rồi, anh có thể ra nhận hàng không ạ? Đơn COD 350 ngàn ạ.",22
"Bạn ơi tôi là shipper Lalamove đây nha. Tôi đang có gói hàng kích thước lớn gửi từ cửa hàng điện máy XanhXanh đến địa chỉ của bạn đây. Bạn cần có người lớn ở nhà để nhận không, hàng nặng tôi cần người phụ một tay.",22
"Chào chị, em là nhân viên giao hàng của Shopee Express đây ạ. Đơn hàng váy đầm mã đơn 109 của chị đã đến rồi ạ. Chị đang ở nhà không để em giao? Phí ship của chị được miễn luôn rồi ạ.",22
"Dạ anh ơi em là tài xế GrabBike tên Hùng đây ạ. Em đang ở trước tòa nhà của anh rồi ạ. Anh ra cổng chính để em đón nha. Em mặc áo đen đội mũ vàng đứng cạnh xe máy Honda Wave đỏ ạ.",22
"Bạn ơi tôi shipper Ninja Van đây. Tôi đang giao hàng đến địa chỉ của bạn nhưng không vào được khu dân cư vì không có thẻ xe. Bạn có thể ra cổng chính nhận hàng giúp tôi không? Hàng của bạn là mỹ phẩm từ Hàn Quốc đó.",22
"Alo anh Hùng, em là Thùy bên bộ phận kỹ thuật Viettel khu vực Hà Nội đây. Em gọi để thông báo khu vực nhà anh đang bảo trì mạng lưới từ 22 giờ tối nay đến 2 giờ sáng mai. Trong thời gian này dịch vụ có thể bị gián đoạn anh thông cảm nhé.",22
"Chào chị, em là bên bộ phận hỗ trợ khách hàng MobiFone đây ạ. Chị đang sử dụng gói cước Max70K sắp hết hạn vào ngày 28 rồi ạ. Em muốn tư vấn chị chuyển sang gói mới Max90K với data 60GB và gọi nội mạng miễn phí chị có muốn nghe không ạ?",22
"Anh ơi em nhân viên chăm sóc khách hàng Vietnamobile gọi đây. Em muốn hỏi anh có hài lòng với dịch vụ của tụi em trong 3 tháng vừa rồi không anh? Nếu anh có bất kỳ ý kiến hay phản hồi gì em sẵn sàng lắng nghe và phản ánh lên bộ phận cải thiện dịch vụ.",22
"Bạn ơi mình là nhân viên chăm sóc khách hàng VNPT đây. Cáp quang nhà bạn báo lỗi tín hiệu yếu trong khu vực rồi. Tụi mình sẽ cử kỹ thuật viên đến kiểm tra miễn phí và nâng cấp thiết bị cho nhà bạn vào sáng thứ 4 được không?",22
"Em chào anh Tuấn, em là nhân viên kỹ thuật của nhà mạng FPT đây ạ. Hệ thống ghi nhận router wifi nhà anh đang bị lỗi phần cứng và tốc độ kết nối giảm 60%. Em muốn đặt lịch kỹ thuật viên đến thay thiết bị miễn phí cho anh trong tuần này được không ạ?",22
"Alo ba ơi, con đang ở trường về muộn vì có buổi họp nhóm bài tập cuối kỳ. Con đi cùng nhóm bạn nên ba không cần lo. Con về đến nhà tầm 8 giờ tối là cùng ba nhé.",22
"Anh ơi em Hoa đây, em đang ở siêu thị gần nhà anh đây. Anh có cần em mua thêm gì về không? Em thấy tôm tươi hôm nay rẻ lắm, 150 ngàn một ký. Hay là anh muốn ăn món gì tối nay anh bảo em mua luôn.",22
"Mình ơi anh gọi cho mình, lát anh về ghé qua ngân hàng rút tiền trả tiền học cho con rồi anh mới về nhà. Mình nhớ nhắc con ăn cơm trước nhé. Anh về muộn tầm 7 giờ.",22
"Chào chị Hoa ơi, em là đứa bạn cùng lớp hồi đại học với chị gọi đây. Mình hỏi thăm chị dạo này khỏe không? Sắp đến ngày hội lớp 20 năm rồi, mình muốn nhờ chị cùng tổ chức không?",22
"Thầy ơi em là Minh sinh viên khóa trước của thầy đây ạ. Em muốn hỏi thầy về bài luận văn tốt nghiệp em đang làm về phân tích dữ liệu nhà đất. Thầy có thể cho em 30 phút hướng dẫn thêm phương pháp nghiên cứu không ạ?",22
"Alo mình ơi, tôi là hàng xóm nhà bên cạnh gọi đây. Hôm nay tôi có nấu nồi chè đậu xanh nhiều quá ăn không hết. Mình sang lấy một tô về ăn đi, tôi để ở cổng rồi nhé.",22
"Em chào anh, em là nhân viên tư vấn bảo hiểm Prudential đây ạ. Em gọi để giới thiệu gói bảo hiểm sức khỏe toàn diện mới cho gia đình. Phí bảo hiểm chỉ 500 ngàn mỗi tháng, bảo hiểm cho cả nhà đến 5 tỷ đồng. Anh có muốn nghe tư vấn không ạ?",22
"Dạ chị ơi em là nhân viên bất động sản Đất Xanh đây. Em muốn giới thiệu đến chị dự án căn hộ mới ở quận 9 giá chỉ 2.1 tỷ một căn 2 phòng ngủ. Chị có quan tâm đến việc mua nhà không ạ? Em có thể sắp xếp buổi tham quan thực tế miễn phí cho chị.",22
"Anh ơi, em là Phúc, Giám đốc kinh doanh bên công ty đối tác Hoàng Long gọi đây. Tôi muốn xác nhận lại lịch họp hợp tác ký kết hợp đồng cung ứng vật tư xây dựng vào thứ 3 tuần sau lúc 9 giờ sáng tại văn phòng của bên tôi. Anh vẫn OK không?",22
"Alo bố ơi, con gái bố đây. Bố ơi chiều nay bố nhớ ra điểm tiêm chủng đưa em tới tiêm vaccine Covid mũi nhắc lại nhé. Lịch hẹn là 4 giờ chiều ở trạm y tế phường mình đó bố.",22
"Chào anh Dũng, em là nhân viên trường mầm non Họa Mi gọi đây ạ. Em muốn nhắc anh chị ngày mai là ngày họp phụ huynh định kỳ của lớp bé Mai. Cuộc họp diễn ra lúc 7 giờ 30 sáng tại phòng hội đồng. Mong gia đình sắp xếp tham dự đông đủ ạ.",22
"Bạn ơi tôi là kỹ thuật viên điều hòa gọi đây nha. Chiều nay tôi đến nhà bạn bảo dưỡng điều hòa theo lịch đặt hẹn tuần trước đó. Khoảng 3 giờ chiều tôi đến được không hay bạn cần dời giờ khác?",22
"Anh ơi em công nhân điện nước phường gọi đây. Khu vực nhà anh hôm nay sẽ cắt điện từ 8 đến 11 giờ sáng để bảo trì đường dây. Anh nhớ tắt các thiết bị điện trước giờ đó để tránh hư hỏng khi điện trở lại nhé.",22
"Dạ anh ơi em là nhân viên bưu điện xã gọi đây ạ. Anh có thư bảo đảm gửi từ Hà Nội về cần chữ ký nhận. Anh có thể ra bưu điện xã làm việc buổi sáng hôm nay để nhận không ạ? Bưu điện mở cửa từ 7 giờ 30 sáng.",22
"Cậu ơi tui bạn học cũ Hùng nè, lâu quá mới gặp. Tháng sau cậu có rảnh không, tụi bạn cũ đang lên kế hoạch đi Phú Quốc chơi 3 ngày 2 đêm. Cậu đi không thì cho tụi tui biết sớm để đặt phòng nha.",22
"Chị Lan ơi em gọi đây. Em là Bình, đứa bạn thân hồi trung học của chị đó. Cuối tuần này chị có rảnh không, tụi mình cùng mấy đứa bạn cũ hẹn đi ăn buffet hải sản ở Bình Thạnh. Chị tới được không?",22
"Alo thầy ơi em Hùng lớp A3 đây ạ. Em gọi hỏi thăm thầy có khỏe không ạ. Em muốn mời thầy dự ngày cưới của em vào tháng 6 này. Em sẽ gửi thiệp qua địa chỉ nhà thầy, thầy nhớ đến dự nhé ạ.",22
"Anh Tuấn ơi em Dung ở phòng kế toán gọi đây. Anh ơi hôm nay anh chưa ký bảng chấm công tháng 3 mà em cần nộp cho sếp trước 5 giờ chiều. Anh có thể ghé phòng kế toán ký giúp em trước 4 giờ không ạ?",22
"Bạn ơi mình là nhân viên nhà hàng Ngọc Sương gọi đây. Bạn có đặt bàn tối nay cho 6 người lúc 7 giờ tối đúng không? Mình gọi xác nhận lại và hỏi bạn có yêu cầu gì đặc biệt về thực đơn hay dị ứng thức ăn không để bên mình chuẩn bị.",22
"Dạ chị ơi, em phòng khám đa khoa Hoàn Mỹ gọi đây ạ. Em muốn nhắc chị lịch tái khám của chị vào thứ 5 tuần này lúc 9 giờ sáng với bác sĩ Nguyễn Thị Hà. Chị nhớ mang theo hồ sơ bệnh án và kết quả xét nghiệm lần trước ạ.",22
"Alo em là bạn cùng phòng với chị Linh ở ký túc xá. Em gọi nhắc chị nhớ mang chìa khóa phòng về vì chị để quên ở bàn ăn sáng rồi. Em đang giữ giùm chị nè.",22
"Anh ơi tôi là hàng xóm nhà 43 đây. Hôm nay xe tải giao hàng cho nhà anh đến nhưng anh không có nhà nên họ gửi lại nhà tôi giữ hộ rồi. Anh về nhớ ghé sang tôi lấy hàng nha, hàng đang để trong phòng khách của tôi.",22
"Chào chị Mai, em là nhân viên siêu thị Co.opMart Lý Thường Kiệt gọi đây ạ. Chị có đăng ký thẻ thành viên hôm qua và điền số điện thoại này đúng không ạ? Em gọi để xác nhận thông tin và thông báo thẻ của chị đã sẵn sàng để nhận tại quầy dịch vụ khách hàng.",22
"Em chào anh, em là bên bộ phận hỗ trợ của ứng dụng Now Food đây ạ. Em gọi để xác nhận đơn hàng cơm tấm sườn bì chả của anh đã được nhà hàng xác nhận và đang chuẩn bị. Shipper sẽ lấy hàng trong 10 phút và giao đến anh trong khoảng 30 đến 40 phút nữa ạ.",22
"Bố ơi con Ngân đây. Bố ơi bố nhớ chuyển tiền học phí học kỳ 2 cho con trước ngày 15 nhé. Trường yêu cầu đóng qua tài khoản ngân hàng của trường, con gửi số tài khoản vào Zalo cho bố rồi đó.",22
"Hy con ơi mẹ đây. Mẹ đang ở chợ, con có cần mẹ mua gì thêm không? Mẹ thấy có rau muống tươi và đậu hũ ngon. Tối nay mẹ nấu canh rau muống tôm plus đậu hũ chiên giòn con chịu không?",22
"Anh Bình ơi, anh là khách mua xe Honda Vision màu đỏ ký đặt cọc tuần trước đúng không ạ. Em là nhân viên đại lý Honda Khang An gọi thông báo xe của anh đã về kho rồi. Anh sắp xếp đến nhận xe và thanh toán phần còn lại khi nào tiện thì ghé nhé.",22
"Dạ chị Hoa, em gọi từ phòng khám nha khoa Nụ Cười đây ạ. Hôm nay chị có lịch cạo vôi răng lúc 3 giờ chiều. Em gọi nhắc chị nhớ đến đúng giờ nhé, nếu không đến được thì chị thông báo sớm để bên em sắp xếp lịch khác ạ.",22
"Alo anh Khánh ơi, tui là Sơn, chủ nhà mày đang thuê đây. Tháng này đã đến kỳ đóng tiền nhà rồi nha. Tiền thuê tháng 4 là 5 triệu, anh chuyển khoản vào tài khoản cũ giùm tui hoặc đưa tiền mặt cũng được.",22
"Chào bảo đây nha, mình là Lan bạn tốt nghiệp cùng trường với bạn đó. Mình đang có nhu cầu mua máy ảnh cũ, nghe nói bạn đang muốn thanh lý máy ảnh Sony A6000 phải không? Bạn bán giá bao nhiêu vậy?",22
"Alo mình ơi đây là Hải gọi. Mình ơi tối nay mình rảnh không? Tụi mình nhóm bạn đang tụ tập xem bóng đá chung kết Champions League tại nhà thằng Tuấn. Mình đến không, Tuấn nấu lẩu và có bia lạnh sẵn rồi.",22
"Bạn ơi mình là tư vấn viên bảo hiểm xã hội tự nguyện gọi đây. Mình muốn hỏi bạn có muốn tham gia bảo hiểm xã hội tự nguyện để có lương hưu về già không? Đây là chính sách của nhà nước, mình chỉ tư vấn thông tin chứ không thu phí gì cả.",22
"Chào anh Tuấn, em là kỹ thuật viên bảo dưỡng máy văn phòng của công ty Phú Sao gọi đây ạ. Theo hợp đồng bảo trì, em sẽ đến văn phòng anh vào sáng thứ 2 tuần sau để kiểm tra và bảo dưỡng toàn bộ máy in máy photocopy. Anh xác nhận lịch được không ạ?",22
"Bạn ơi mình là Trang, đồng nghiệp cũ ở công ty ABC mình thôi việc 2 năm trước đó. Mình thấy công ty bạn đang tuyển dụng vị trí Marketing Manager. Bạn có thể giới thiệu CV của mình lên phòng nhân sự không? Mình gửi CV qua email cho bạn nhé.",22
"Em chào thầy ạ, em là Linh cựu học sinh lớp 12A5 năm 2020 đây ạ. Em gọi để mời thầy tham dự buổi họp lớp 5 năm của lớp mình vào tháng 6 này. Cả lớp rất mong được gặp lại thầy và hỏi thăm sức khỏe của thầy.",22
"Anh Hùng ơi anh là bệnh nhân đăng ký khám khoa tim mạch bệnh viện Nhân Dân 115 ngày thứ 3 tuần tới lúc 8 giờ sáng đúng không ạ. Em gọi nhắc anh nhớ nhịn ăn sáng và mang theo kết quả siêu âm tim lần trước cùng với sổ khám bệnh nhé.",22
"Bạn ơi mình là nhân viên giao dịch ngân hàng Agribank chi nhánh Cần Thơ gọi đây. Mình muốn hỏi bạn có quan tâm đến sản phẩm vay vốn sản xuất nông nghiệp lãi suất ưu đãi 6.5% một năm không? Đây là gói vay đặc biệt dành cho nông hộ trong khu vực.",22
"Chị Phương ơi, em là nhân viên phòng tuyển dụng công ty may mặc Thành Công gọi đây ạ. Chị có nộp đơn vào vị trí kế toán trả lương của bên em tuần trước đúng không ạ? Em gọi để mời chị đến phỏng vấn vào thứ 5 này lúc 10 giờ sáng.",22
"Bạn Minh ơi, mình là Khoa bạn học cùng trường cấp 3 đây. Mình vừa về quê lên thành phố rồi. Mình đang tìm chỗ thuê phòng trọ khu vực quận Gò Vấp. Bạn có biết chỗ nào ổn giá khoảng 3 đến 4 triệu một tháng không giới thiệu mình với?",22
"Anh Tuấn ơi, em là nhân viên điện lực khu vực gọi đây. Em muốn thông báo hóa đơn tiền điện tháng 3 của nhà anh là 850 ngàn đồng, hơn tháng trước một chút do thời tiết nóng. Anh thanh toán trước ngày 20 nhé, có thể qua app EVN hoặc tại các điểm thu hộ gần nhà.",22
"Alo má ơi, con Bảo đây. Má ơi mai này con về nhà ăn cơm tối với gia đình nhé. Con cũng muốn đưa người yêu về ra mắt gia đình nữa, má nhớ nấu thêm vài món đặc biệt nhé. Con về tầm 6 giờ chiều.",22
"Bạn Ngọc ơi, mình là Hằng đây. Mình đang chạy xe qua khu vực nhà bạn ngang qua. Bạn có cần mình mua giúp gì không? Hay là bạn đang rảnh, tụi mình ghé cà phê nói chuyện một lúc nhỉ?",22
"Em chào anh, em là nhân viên tư vấn của đại lý xe Toyota gọi đây ạ. Anh có hỏi về xe Fortuner phiên bản 2025 tuần trước đúng không ạ? Em gọi để thông báo xe về rồi và đang có chương trình ưu đãi giảm 50 triệu trong tháng này. Anh có muốn đến xem thực tế không ạ?",22
"Oi ông ơi, tôi là Tám hàng xóm nhà đối diện nè. Ông nhớ chiều mai họp tổ dân phố không, họp lúc 7 giờ tối tại nhà ông tổ trưởng. Bàn về kế hoạch làm sạch môi trường khu phố và thu phí vệ sinh đó.",22
"Dạ thưa anh, em là nhân viên phòng giáo vụ trường đại học Công Nghiệp gọi đây ạ. Em gọi nhắc anh học phí học kỳ 2 năm học 2024 2025 hạn đóng là ngày 28 tháng 3 này. Anh vui lòng nộp qua cổng thanh toán trực tuyến của trường hoặc tại phòng tài vụ ạ.",22
"Chị Lan ơi, đây là bên xưởng may Hương Giang gọi đây. Đơn hàng 50 cái áo và 30 cái quần mà chị đặt tuần trước đã may xong rồi chị ơi. Chị muốn đến lấy hàng hay bên em giao tận nơi, phí giao hàng 50 ngàn trong nội thành chị nhé.",22
"Bạn ơi tôi là Tùng, bạn cùng nhóm làm đồ án tốt nghiệp nè. Nhóm mình họp online qua Google Meet lúc 8 giờ tối nay để hoàn thiện phần code và viết báo cáo đó. Bạn nhớ vào nhé, link mình đã gửi vào group chat rồi.",22
"Chú ơi, con là Hùng con của anh Tài nhà hàng xóm đây. Con gọi hỏi thăm chú thím có khỏe không ạ. Má con nhờ con gọi hỏi chú về bài thuốc dân gian chữa đau khớp mà chú từng nói hôm trước. Chú có thể nhắc lại giúp không ạ.",22
"Bạn Linh ơi, tôi là nhân viên thư viện trường đây. Bạn đang mượn quyển Giải Tích của tác giả Nguyễn Nhơn đã quá hạn trả 2 tuần rồi. Bạn nhớ trả sách trước cuối tuần này nhé, không sẽ phát sinh phí phạt đó.",22
"Anh ơi tôi đại diện ban quản lý chung cư Sunrise City gọi đây. Anh là chủ căn hộ tầng 12 đúng không ạ. Tôi gọi để nhắc anh đóng phí quản lý tháng 3 là 1 triệu 2, anh chuyển khoản vào tài khoản ban quản lý hoặc đến văn phòng tầng 1 đóng trực tiếp nhé.",22
"Dạ em chào bác, em là y tá phòng khám đa khoa Đức Hạnh gọi đây ạ. Bác Năm có lịch đo huyết áp và lấy thuốc huyết áp định kỳ vào thứ 6 này lúc 9 giờ sáng. Em gọi nhắc bác nhớ đến đúng giờ và mang theo sổ theo dõi huyết áp của bác ạ.",22
"Alo bé ơi, mẹ đây. Bé đang ở trường hay về rồi con? Mẹ mua bánh mì bơ tỏi cho con rồi, con về ăn nhé. Hôm nay con học thế nào, có khó không? Mẹ đang nấu canh cua cho cả nhà ăn tối.",22
"Anh Ngọc ơi nghe em nói đây. Em là Lan bạn thân của chị Hà vợ anh đây. Em muốn hỏi anh một chút, chị Hà có nói với anh rằng hôm Chủ Nhật tụi mình đi mua đồ sinh nhật cho mẹ chị không? Chị Hà bảo anh sẽ chở tụi mình ra chợ Bến Thành.",22
"Chào bạn, mình là nhân viên nghiên cứu thị trường của công ty Nielsen gọi đây. Mình đang thực hiện khảo sát về thói quen mua sắm thực phẩm của người tiêu dùng. Bạn có thể dành 5 phút trả lời một vài câu hỏi ngắn không? Hoàn toàn miễn phí và không liên quan đến bán hàng gì cả.",22
"Bạn Hùng ơi, đây là anh Sáu cùng xóm gọi. Anh muốn hỏi bạn có xe tải nhỏ không? Cuối tuần này nhà anh dọn đồ sang nhà mới cần thuê xe tải chở đồ khoảng 2 chuyến. Bạn biết dịch vụ cho thuê xe tải uy tín giá cả phải chăng không thì giới thiệu anh với.",22
"Em chào anh, em là nhân viên phòng khám mắt Sài Gòn Eye đây ạ. Anh có đặt hẹn khám tật khúc xạ và tư vấn phẫu thuật Lasik vào chiều thứ 2 tuần tới lúc 2 giờ chiều đúng không? Em gọi xác nhận lịch hẹn và nhắc anh đến sớm 15 phút để làm thủ tục nhập viện.",22
"Ông Hai ơi, cháu là Tèo con ông Ba hàng xóm đây. Ông Hai ơi ông có cây kéo cắt cành cây to không? Ba cháu muốn mượn để cắt tỉa cây mít trước nhà. Cháu sang lấy được không ông?",22
"Bạn Phượng ơi, mình là Thu bạn học cấp 2 đây nha. Lâu quá không gặp mình nhớ bạn quá. Cuối tuần này tụi mình gặp nhau đi uống trà sữa và ăn bánh mì ốp la ở quán Chú Cường gần trường cũ nhé. Bạn rảnh không?",22
"Chào chị, em là thợ sơn nhà của tổ thợ Minh Hùng đây ạ. Hôm qua chị có hẹn em qua xem phòng ngủ cần sơn lại đúng không ạ? Em đang ở gần nhà chị rồi, chị có ở nhà không để em ghé qua báo giá cho chị được không ạ?",22
"Alo anh Tám ơi, tôi là Hiếu chủ tiệm vật liệu xây dựng Minh Phát đây. Anh đặt 5 bao xi măng Bình Dương và 10 bao cát xây tường tuần trước. Hàng về rồi, chiều nay tôi cho xe giao đến công trình anh được không? Anh nhớ có người ở nhận hàng nhé.",22
"Dạ chị ơi, em là nhân viên của dịch vụ vệ sinh công nghiệp Sao Sạch gọi đây ạ. Chị đặt dịch vụ tổng vệ sinh nhà 3 phòng ngủ cho ngày mai đúng không ạ? Em gọi xác nhận lịch và nhắc chị chuẩn bị nước và nhà có người ở khi đội tới làm nhé.",22
"Alo bạn Cường ơi, tôi là Kiên bạn cùng đội bóng đây. Chiều nay tụi mình có đá giao hữu với đội Đồng Lợi lúc 5 giờ chiều tại sân Tao Đàn không. Bạn tham gia được không? Đội đang thiếu người lắm, mình nhờ bạn trám vào vị trí tiền đạo nhé.",22
"Em chào chị, em là nhân viên của thương hiệu mỹ phẩm The Face Shop gọi đây ạ. Chị Thủy có mua bộ dưỡng da Jeju Aloe tại showroom bên em tháng trước đúng không ạ? Em gọi để hỏi thăm trải nghiệm sử dụng của chị và thông báo chị đang được tích đủ điểm để đổi một phần quà từ bên em.",22
"Anh Duy ơi, anh là thành viên câu lạc bộ chạy bộ 5K của phường mình đúng không? Chủ Nhật tuần này hẹn chạy lúc 5 giờ 30 sáng ở công viên Gia Định nha. Trưởng nhóm dặn nhắc mọi người mang đủ nước uống vì trời đang nóng.",22
"Bạn ơi đây là nhân viên thu ngân rạp phim CGV Vincom Center gọi đây. Bạn đặt vé xem phim Kong vs Godzilla lúc 7 giờ 30 tối nay cho 2 người đúng không? Vé bay đã sẵn sàng, bạn đến quầy số 5 xuất trình mã đặt vé để lấy vé nhé.",22
"Ông ơi, cháu là Ngân cùng tổ dân phố gọi đây ạ. Ông ơi tổ dân phố mình tuần tới có ngày phát thuốc miễn phí cho người cao tuổi ở trạm y tế phường. Nhờ ông nhắc bà ra lấy thuốc huyết áp và đường huyết theo lịch nhé ông.",22
"Anh Tuấn ơi tôi Minh phó phòng kỹ thuật gọi đây. Hệ thống điều hòa trung tâm tầng 3 đang báo lỗi rồi anh ơi. Anh có thể lên kiểm tra hộ bọn tôi không? Hồ sơ bảo hành máy để trong ngăn kéo tủ phòng anh đó.",22
"Em chào chị, em là dược sĩ nhà thuốc Long Châu gần nhà chị gọi đây ạ. Đơn thuốc bác sĩ kê cho chị hôm qua bên em đã chuẩn bị xong rồi ạ. Chị đến lấy được rồi hoặc chị cần em giao tận nhà thì báo em nhé, phí ship trong bán kính 3km bên em miễn phí ạ.",22
"Alo anh ơi, em là Thảo nhân viên văn phòng chi nhánh công ty anh làm việc gọi đây. Anh nghỉ phép hôm qua nhưng chưa nộp đơn xin phép đúng không anh? Em nhắc anh nhớ nộp đơn nghỉ phép qua hệ thống nhân sự online trước 5 giờ chiều hôm nay để khỏi bị trừ lương nhé.",22
"Bạn ơi tôi là Bảo bạn học đại học đây. Bạn nhớ hôm qua tôi hỏi mượn quyển sách Lập Trình Python Căn Bản không? Tôi đang cần gấp để ôn thi. Bạn có thể cho tôi mượn 1 tuần và tôi ra lấy tối nay được không?",22
"Chào chị Thu, em là nhân viên tư vấn bất động sản OneHousing đây ạ. Chị có đăng ký nhận thông tin về các dự án căn hộ tại Hà Nội trên website của bên em tuần trước đúng không ạ? Em gọi để giới thiệu một dự án mới ở Long Biên giá tốt vừa ra hàng.",22
