"Mầy nghe cho rõ nha con, tao là cán bộ bên Cục Cảnh sát hình sự. Hiện tại số cccd của mầy dính líu chà bá vô đường dây rửa xèng xuyên quốc gia. Khum nộp mạng trình diện là tao phát lệnh nã mầy rục xương, mún êm thì ck tạm giữ lẹ đi.",0
"Đụ má tao gọi từ Tòa án thành phố, hồ sơ m bị bên bank kiện tội lừa đảo tài sản kìa. Chiều nay đúng giờ khum vác mặt lên nộp phạt bảo lãnh là lệnh còng đầu mẩy ập tới nha. Nôn tiền đóng án phí qua tk tao cho êm sượng trân.",0
"Alo tui cơ quan phòng tội phạm công nghệ cao nhe. Tk bank của mầy nổ luồng xèng bất thường giao dịch sừng sỏ. Giờ bốc phốt thanh tra, yêu cầu mầy ck hết số dư qua tk kho bạc nhà nước tui cấp gấp, khum tao niêm phong tài sản ráng chịu.",0
"Hệ thống VNeID của bà lỗi cmnr tụt sao hiển thị, tui công an phường nè. Click web đuôi chấm gốp tải app dỏm cài lẹ đi chớ khum khóa cccd rớt đùng. Tải xong cấp full quyền trợ năng tui remote xử lý cho mượt, xớn xác làm sai ráng ngậm đắng.",1
"Con báo thủ xe xịn của bạn dính phạt nguội lút cán camera ròi nha, lỗi vượt đèn đỏ thấu ngõ luôn. App báo phạt 5 củ rưỡi, khum cống vô tk Cục cảnh sát là giam bằng lái mọt gông. Phạt dính biển khum giỡn đc ố dề rớt đùng đâu, ck nạp đi nhẹ não.",1
"Alo BHXH báo tin sượng trân, hồ sơ nhận trợ cấp một lần của m sai xèng số liệu rùi. Tải app VssID vá lỗi bằng APK tui quăng, cài up tk nhận lẹ về ví Momo, lơ ngơ chầm zn khôn tao khum gánh giúp mi hoài miết đâu.",1
"Thuê bao của fen màu khóa 2 chiều cmn r do khum chuẩn hóa CSDLDQG. Quá là sượng trân lun, mún giữ lại số êm cựa rực rỡ thì nhè lẹ cái mã OTP Viettel nổ zô sms để t xử. Khum tao cúp máy là 2 tiếng nữa cắt sập rớt đồi dọng khóc trôi ruột nha.",2
"Mobifone lố gank máy báo sim xịn sếp dính mác sim spam quăng nát bét ròi. Sấp trảm thu hồi luôn cái sim rác, mún khiếu kiện cừu non ngoan dọng liền 5 lít lệ phí thao tác vô sđt t bôi lẹ. Mập mờ lười ấn mai đăng xài đéo đc nữa tịt ngòi ố dề lắm.",2
"Alo hỏa báo đứt cựa từ VNPT nhen con, wifi tổ bố nhà mài mai khuya nhổ điện tắt nín cmn lươn vì nhây nợ cước 3 tháng lỳ khum ói đg. Mún coi tóp tóp hong gián sập dọng cước cấp bách qua tk t mở ốp onl, khum nhịn vuốt ế chề mọt chớt.",2
"Ét o ét b uii kên Tóp Tóp nổ tim của m bị cắn gậy repot dính phốt sm sập bay màu mẹ r nớ. Tụi tao hỗ trợ lẹ, mún chuộc gỡ cấm xót thì nhã phí bôi trơn 5 củ t. Ck nhẹ mật khẩu pass để t gỡ lướt đụt c m. Xảo trá khum ẵm tao tố acc sủ tăm.",3
"Quỉ bợn fb chà bá n của m khóa vì báo vi phạm up nudes khùng sượng trân x ròi. T admin metas check nề, lk kháng cáo m r m bấm form nhồi vô rải otp đ g mả h vớ nớ l n mọe ẻo lượn t mốc ruột ck b x.",3
"Đm con facebook checkpoint khóa mẹ ZL m zô khứa bên Cam log vô r t, luồn đúp ẫm x d dốc m bóc phốt m á. Thuê tao bn quản lý đ b IP ộp x k lột pass OTP khoáy lại. Lanh x 5 lít kh nó post nhạy c m x vãi l ra r m sập đ.",3
"Bà ngoại mày phang rớt lầu xỉu up xỉu down ố dề bể sọ viện đng hấp hối kìa chời. Bs cấp cứu réo tiền ứng trước dọng ca mổ khẩn 5 chục căng lút cán khum lề dg. Ck tao đóng hộ khum ngoại m hẹo đó ói xèng đi.",4
"Bồ tây lõ của m tông dải phân cách ngã dập mặt cấp cứu Chợ Rẫy xọt lủng ruột ròi. Nạp cọc rộp 2 chục củ ck đút nộp phẫu thuật ruột nó. Rụt cẳng lách trễ khứa chết nha m dốc ác a cay dọt lẹ xèng đi đ th.",4
"Hú hồn dấp dính gãy xương chậu con mi dập thớt m bốc lẹ đi. T thầy gcn nó bị xe húc văng m t bốc đi bệnh viện ck nộp hộ 30 chai ròi. Em bứng lẹ ck trả t dọng vô sảnh khum khóa mỏ vứt lọt nha dở người.",4
"Mày nghe t nói cho thủng tai thằng trẩu, con mày bãi rác ngoại ô tụi tao. Hảo hán chuẩn bị 5 củ rưỡi ném tk đây, báo conan 1 cái tao chặt tay gửi nhậu liền. Khum nôn xèng quăng sông vớt xác nhục ngáo.",5
"Á đù xấc xược băng t hả m, 2 tiếng nữa m khum ói 100 củ t lôi mớ xăm trổ tới quậy tung trốc. Mún yên húp nợ khum thì chốt đơn ck rọt nợ vô thẻ đệ t giải êm, trây ỳ m chớt nát bét nha dốt báo.",5
"M nợ đai 200 chai khum trả h t mướn bang ăn búa, dọa chém sứt cẳng đứt còi m. Sống khôn lột vòng đập lợn nạp ngay sdt t thanh toán dứt gốc lãi thiếp, để t bực dọng tung m gãy mẹ t bay sập chết.",5
"Nay cty dồn bill sếp nổ não rú ầm ròi con chíp hôi. Tự dưng khách ck nhầm 2 tỏi rưỡi quỹ m, m linh động bắn lại luôn ảo này cho bả êm. Khum xử chiều phốt lên cty bay màu cút thẳng sượng trân ét o ét.",6
"Sếp ơi xuất hóa đơn hacker úp sọt sập hầm dữ dội rớt r. Khách làm ầm ĩ phốt tụi mình bung bét dọa đi tù, đòi bồi cọc khống 5 chục củ kiện lút cán. Sếp nổ ck ứng ví e lụy em giải mướt điếng.",6
"Sượng trân quá m kế toán báo cty trốn thuế lòi cả tỏi ròi. M lùa gởi 5 lít nộp quỹ rớt án xéo mai công an vồ còng sùi bọt mép. Lẹ tay nạp lủi sdt r lách án đi c u b ch k d p j n.",6
"Đm vay app bùng nợ chó đẻ, lãi đẻ cmnr ác đạn lùi. Chiều nay đéo xèng nổ ting ting tao xăm trổ đập banh shop m, ghép hình bàn thờ chà bá. Nôn lẹ rỗng túi chớt tao khum băm vằm m ra súp.",7
"Dây dưa tín dụng lãi 200% chó nát m quịt t hả. T đệ rải khỏa thân nguyên xóm ố dề rớt nát tọt. Khôn cút nạp mịa gốc lãi zô xèng rác m lủi rọt sập m nhão nhoẹt ói dỏm r.",7
"Má m vay 1 trăm củ nhây đéo nôn dí m rớt nước mắt xương h. Dọng bôi nhọ MXH, tống lẹ t nạp giải vây giang hồ réo lòi héo k r l ó m s u n m v n c a f đ p m m o l t.",7
"Anh tây xịn lõ gửi cái thùng quà to đùng khổng lồ Úc dzìa, trong nhét cả đống túi xịn đồ hiệu mơn trớn ghê chưa. Ngặt nỗi hải quan VN nó vịn lại lỗi ố dề, đòi đóng 20 củ thuế VAT rửa xèng. Em ck lẹ vô tk thuế t xách.",8
"Tình yêu Mỹ lõ phi công hứa gởi nhẫn kim cương kẹt máy bay ở Nội Bài ròi đk má nhỏ. Khứa hải quan phạt vạ phí lưu kho cọc chà bá bay tót. M quăng chục củ ck nộp cho nv tao đem kiện hàng ú ụ dọng zô nhà em.",8
"Bà già cắn câu vô quả quà lén lách xách từ UK dính phốt bưu điện xé rách mớ hóa đơn đỏ. Nhắm xèng khổng lồ ck 3 chẹo lách lệ phí rớt ship nộp bãi t dóp dìa rẹt. Chậm trễ tiêu hủy dập bưu cục nha ngáo.",8
"Há hí tml t thó đc clip raw uncen ngâm zới gái m dòi sượng trân ố dề rớt nát hòm r m. Khum mún bóc phốt dọng lên pỏn gởi 20 củ mài dao tao khum t rải phế. Đéo có tao ẵm dàn clone combat tung mxh sượng mẹt nhục.",9
"Đm ml chảnh chọe, tao có deepfake zú đích cực nét gửi thâu đêm r t. Khum nôn chục củ tk tao quăng zô ck sếp m coi phê mắt ngáo ê hề sượng chớt n g chớ nhục. Nạp cứu mìn lẹ b m đ lòi óc.",9
"Lời dọa hỏa tốc óc trẩu m bướng lòi xèng m nhây t phát tấn phanh phốt chà bá sex m mạng xục sôi nhen n. Đ nạp ví rớt ck m nhai t tông báo banh ruột nha khóc sếu nhai d k c r k i m v g m f t l u m t j e w g.",9
"Bão vô ngập nóc dân r mấy ní ơi, thương tâm xỉu up xỉu down luôn kẹt kít quợn. Quỹ thiện nguyện kêu hỏa tốc ủng hộ mì tôm xuồng cứu nè m. Hoan hỉ ck chút cắc số tk a quỹ dỏm nha, phước vô lượng.",10
"Đỗ nghèo dư dẩn réo nhà hảo tâm mổ tim nhồi sọ nghèo rớt mồng tơi ó. Tụi giả mặt dày lót hốt túi mác quyên góp, nhai xèng ck dỏm chớt ôm bự tao sượng nát bét lừa r đ đ.",10
"Xót xa bé mồ côi gãy chân rớt giếng quyên hòm xèng neo đơn táng m uổng rụng. Hội hảo tâm ốp số card post dứt nạp 10 chẹo lụm húp no dỏm đớp lừa dốt não k v g w l x p c ỏ r i n w c m.",10
"Thị trường tài chính trade coin nay ngon xỉu nha fen, chuyên gia kéo bách phát bách trúng cắm chốt x3 x5 rụng cháy đụt. Bạn dô nhóm VIP tele nạp ký quỹ củ rưỡi qua tk thầy, khum tham gia lùa gà cmnr tiếc.",11
"Mèn đét ơi sàn Forex phím kèo thơm t lọt vô app dỏm ôm xèng sập sàn ụp 10 củ lãi margin chít. Cskh gạ nạp xèng cứu tk rớt đùng rút éo đc đứt báo lừa gạt rệu rạo tao c t r k a i ỏ r.",11
"U là trời chứng khoán cuốc tế mua cổ phiếu phát siêu lợi nhuận tự rút gãy xèng sập nguồn. Đóng thêm phí bôi trơn nâng cấp VIP chớt wớt t lóng ngóng ck nuốt c d m l g u b j e a v e .",11
"Tuyển CTV lướt tóp tóp thả tim nổ đơn nhõn 10p lụm xèng hoa hồng nha mấy ní. Bấm tim 1 fb ẵm 50 cành, xong cày cọc xí xèng lên VIP rút hỏa tốc 1 cục chóp, khum làm tiếc nhen.",12
"Cày view youtube dính phốt task mồi ăn vài chục ngàn nhử zô m nộp to trăm củ sập app sượng trân. Đăng kí chốt quỹ mở khóa ck chà bá m ngu th dỏm ẵm mất hút nha.",12
"Khứa online nhàn dỏm lương sộp m ói cọc 5 líp lọt lặp sụp hầm lừa éo rút đc nha. Nó kêu nạp bù phốt xèng z tk ẵm rệt a cay dính dỏm xạo bốc mả uổng lừa bưng tót m n.",12
"Uầy trúng tri ân cty nha, giải độc đắc ét hát Mode chà bá lọt tay. Xuất kho bưng rinh tới cổng m ck k phí lưu bãi đóng thuế 10 củ sộp xèng vi vu flex.",13
"Hí hí trúng tủ lạnh siêu bự nhà đài quay số lọt hố gọi tới đm mớ lễ phí bóp. Nộp dỏm cọc VAT vận chuyển ship lừa tót bay mẹ ví tao gáy ngốc xít ngu đần lụi tàn.",13
"Dòm fb tri ân trúng 15 pro dỏm cskh rởm alo kêu đóng 2 chai tiền ship bốc hơi. M ck tao ship lẹ tới nách m khum đưa xèng giam dọng nát mẹ ớn kẹt lỗ sập hầm khứa.",13
"Đại lý soi bờ cam kết nổ banh xác đài MN nay bao ngon sượng trân. Mún dzô bờ lẹ túm liếm t đi, nạp ví 2 củ t quăng cho bạch thủ câm sập hầm bảo uy.",14
"Gãy cmn t bắt xiên chà bá cò lùa sunwin dỏm lọt bẫy nạp chục cờ bạc bịp đánh cháy khum rút đc. Đòi nạy gỡ sòng lừa t lặn rớt mất nát hòm xót ác mợ.",14
"Á lồn má nổ game baccarat dỏm tụi bán nó dụ ck mua th hack, vỡ mốc xịt cắm đầu bốc bãi. Sàn húp xèng chạy chui tớ rục xương ngú lọt nát xịt m.",14
"Nhận đẩy XKLD Úc Lợn bao đậu thẳng tắp ko cọc tiếng, lách mốc thâm mượt sunsilk lăn tăn. Cọc 50 lít tk giữ biên chế hái chà bá ngàn đô sộp đứt á khứa tay. ",15
"Xuất ngoại LĐ tml cò hút máu bóp lọt hố cọc 50 chai hs mượt. Xách giỏ lên sbay éo đít phi cơ mô tóm xèng rớt đùng sủi tăm rệu tọt t bướng xạo lấp nát.",15
"Quỷ thủ dỏm visa bảo lãnh Mĩ húp chục tỏi lọt trơn lựu gãy dớp chà c nạp khống. Nó giam mẹ giấy mộc bặc xách chạch dại khôn dốt sụp oẳng khóc ôm lấp dỏm ố.",15
"Cảnh báo VCB tài khoản thẻ đen của m đang dính mịe vô app cờ bạc lậu bị hack xèng ròi. Tui nv nhà bank, m lẹ check sms nổ otp đọc t đóng băng chặn bay chục củ.",16
"Đu cmn đt zô dỏm ACB dính nợ phạt tao cung cấp pass lẹ OTP rút xèng kẹt ngân. Nó quẹt sạch bách 200 củ tao sập lường t thét trân quẹo họng phắn ói nát.",16
"Nhận dỏm NH biến động giao d bất thường m nhấn link update tao bay pass bị chôm. Trừ sập chà mọe củ dọng khôi phục bẻ xèng giả bank t lạy nuốt cặn.",16
"Tui shipper dới cổng nhà nè mẩy, cọc COD 2 củ hàng m bữa m bùng nay t g lại m khum xuống t vứt zô nhé. Gởi 2 củ zô ví t lẹ t quăng rẹt vô sân mạc m.",17
"Lại fake GHTK báo hoàn z m kẹt sương sụt m ck hộ phí ship lồi 5 chục phắn. Tao ngơ 1 lít ck xong đ thấy bốc chôm bạc lẹ dỏm tót xạo nhão.",17
"Tội tao cod trăm đụng hộp giẻ rách shopee gjaoo sùi bốc t m húp lừa nạp. M ngập xèng nuốt mạng cúp r t rống dọng sượng ngóc lách nhai khứa dọn.",17
"Tụi nhà mạng di động vớ vẩn, nhét app rác dịch vụ ngầm cc zì trừ tao oan chớt. Nhấp link xàm dẩn hủy gói thì nó trừ mẹ t 1 củ chà bá lọt trơn ác đạn.",18
"Đăng ký vớ vẩn ảo ma tiktok free đéo gì auto gia hạn cắn mẹ tao 50 cành mót quá thảm. Gọi đài xạo lol báo tải app fix, tải dính lừa gạt đ rỗng tuếch.",18
"Lướt fb nhấp link rác tự chèn lách tính năng thu phí ngầm đéo báo trừ chui thẻ tao. H mếu mào nhắn khôi phục dính kẹt nó lột đoi t bứng m đ r n.",18
"Đù má bố láo ăn lót nợ bùng lặn ác z khứa tao giang hồ m bít. Nhét 10 chẹo tk đệ dứt án m quỳ m l n b đ r q ă o v q ớ p d d ố.",19
"Oắt con vay thối 10 củ lật lọng hả, khum nôn ra t xách dao chém lòi luân. Ảnh tao bêu rếu xóm sượng trân m ko lủi đc, tao xông khum tha m.",19
"Đéo nói 2 t chém nát tao rải đệ qua m t thu mớ máy tiệm nộp. K nôn củ tao lụi c b z t o m o m g n t w a a ế c f m b c t x.",19
"Pháp sư mỏ khoét lấy lại nick bị hack chóp chóp bèo ngã ngửa nha. Unlock mượt 15p khum pass, lụm đc nick quăng t 1 củ bôi trơn, khum nạp cọc t đéo rị mọ xà lơ.",20
"Bẻ pass icloud lụm êm t phá khóa 1 nốt nhạc uy tín top sever sượng trân. Quăng tiền tk t nộp Pro lách húp tài khoản rớt đùng k êm trả phí. M ck dứt lẹ khum t block khỏi phá xèng dỏm.",20
"Check point 956 dính khóa 30 ngày khòm r dốt tao ráp mở lanh ngót lẹ. Gửi trăm lít v thẻ t tao phá chốt an ninh lót tay meta khum mọt mạng k gỡ acc ảo ngáo mỏ khoét t.",20
"Thầy đây, khóa học lùa gà vạn đơn cháy máy sàn S 10 củ cho tụi ko có nảo chỉ cần xem là chốt sập kho. Các e khum nhanh đki nộp xèng thì dứt vé tham quan zoom, làm giàu lẹ cạn mâm.",21
"Master mind chóp chóp siêu lợi nhuận 1 đêm m đú lẹ khóa CEO nộp t 50 củ trọn gói học sập tiệm. Tụi đệ cầm tay chỉ việc lột sạch tiền úp bô, m khum bú liếm t lỡ mớ kèo hot ngu ố dề ráng chịu.",21
"Alo ae, sale sập sàn khóa live t cướp mic ố dề lút cán nạp cọc xí chỗ t ẵm 1 tỏi k luân. Xèng chuyển gấp vĩ này tao lên đơn lớp zoom dỏm khum vô chớt ngáo tót c ẹ.",21
"Nhỏ m rảnh đít đi quẩy hông cuối tuần ra cf mỏ khoét vớt cmn nồi lẩu siêu cay khổng lồ ròi xõa lẹ bao ngon. Ai zìa sớm chó con t phạt 10 ly nước ép nha nhỏ nớ, xỉu up xỉu down chớ giỡn.",22
"Tao buồn ngủ ẻ nát m th gank s t sụp chà bá ngủ quên deadline m làm dùm t g k. Chòi má nộp lẹ sếp gõ tróc óc t c g r d, cuối tuồn tao banh bao cf chill n l.",22
"M vác xe lẹ qua rinh t đi dạo sg ngáp vãi chớt dọng tao th a g l c t. Bơm xèng vô tk tao m mua ly sinh tố ngon đỉnh chóp bao sộp m x c g đ a r r n o v q c.",22
