"Bạn ơi tài khoản Facebook của tôi vừa bị khóa cần bạn giúp. Bạn vào link này xác nhận danh tính cho tôi với không thì tôi mất hết dữ liệu. Link này là trang chính thức của Facebook yêu cầu người thân xác minh giúp thôi bạn đừng lo.",3
"Chị ơi tôi thấy tài khoản Zalo của chị bị đăng nhập từ thiết bị lạ ở Hà Nội rồi. Chị bấm vào link này để khóa phiên đăng nhập đó ngay không kẻ xấu sẽ đọc hết tin nhắn của chị rồi đó. Link này do Zalo gửi chính thức nhé chị.",3
"Anh ơi tôi admin trang Facebook Chính Thức của Vietcombank đây. Tài khoản anh vừa bị flag nghi vấn lừa đảo bởi hệ thống tự động. Anh bấm vào đường link này điền thông tin tài khoản và OTP để gỡ cảnh báo không tài khoản sẽ bị khóa vĩnh viễn.",4
"Chào bạn đây là thông báo từ Meta Việt Nam. Trang Facebook của bạn vi phạm điều khoản cộng đồng và sẽ bị xóa sau 24 giờ. Bạn nhấn vào link này kháng cáo và điền tên đăng nhập mật khẩu để xác minh danh tính chủ tài khoản trước khi bị khóa.",3
"Alo bạn ơi đây là tài khoản Zalo cũ của tôi nhưng bị hack mất rồi nên tôi dùng số mới gọi đây. Bạn có thể vào trang này giúp tôi xác minh số điện thoại cũ để lấy lại tài khoản không? Tôi cần bạn điền mã OTP mà hệ thống gửi vào số của bạn giúp tôi với.",3
"Bạn ơi tôi gọi từ số khác vì vừa bị mất điện thoại. Kẻ xấu đang dùng Zalo của tôi nhắn tin lừa bạn bè vay tiền. Bạn vào link này để báo cáo lên Zalo và nhập OTP xác nhận để Zalo biết bạn an toàn và tài khoản của bạn không bị liên lụy theo.",3
"Chị ơi nhóm Zalo mua bán hàng hiệu của tụi mình vừa có đợt giảm giá 70% hàng xách tay từ Pháp về. Chị mua túi Louis Vuitton xịn chỉ 2 triệu shipping từ Pháp về Việt Nam miễn phí. Đặt cọc 50% trước tức 1 triệu qua Momo số này nhé chị số lượng giới hạn.",8
"Bạn ơi page Facebook bán giày Nike Air Jordan chính hãng xách tay Mỹ tôi đang sale 40% đây. Giày thật 100% có bill Mỹ kèm theo. Bạn đặt trước 500 ngàn để giữ size không hết hàng nhé. Chuyển khoản trước rồi tôi giao hàng trong 3 ngày.",8
"Anh ơi shop online mình đang thanh lý iPhone 15 Pro Max 256GB Like New 95% chỉ 15 triệu. Hàng đang ở tay anh ơi mình cần bán gấp lấy tiền. Anh đặt cọc 5 triệu trước để giữ máy đi anh không người khác đặt trước mất máy đó.",8
"Chị Hoa ơi em là shop thời trang AnhDao đây. Chị đã đặt cọc váy hoa nhí size M 500 ngàn chưa ạ? Hàng về rồi nhưng nếu chị không đặt cọc trước 5 giờ chiều em không giữ đơn cho chị được vì nhiều người đặt lắm rồi. Chị chuyển vào số Momo này của em nhé.",8
"Bạn ơi bạn thấy video review iPhone 16 của tôi trên TikTok chưa. Page Táo Xanh Tech của tôi đang bán iPhone 16 giá gốc 20 triệu chính hãng Apple Mỹ. Bạn đặt mua qua link trong bio của tôi đặt cọc trước 30% tôi ship trong 2 ngày.",8
"Alo mình đây Hải bạn thân của bạn đây. Bạn ơi Zalo của mình bị hack mất rồi kẻ xấu đang dùng Zalo của mình để nhắn cho bạn bè vay tiền. Nếu Zalo mình có nhắn xin tiền bạn thì đừng chuyển nhé. Và bạn vào link này cảnh báo giúp mình  với.",3
"Chị ơi page Facebook của chị có bài viết bị report là spam và chứa nội dung vi phạm bản quyền rồi. Nếu chị không kháng cáo trong 48 giờ tài khoản sẽ bị hạn chế vĩnh viễn. Chị nhấn vào link dưới đây điền thông tin đăng nhập để kháng cáo ngay bây giờ.",3
"Bạn ơi bình chọn cho con tôi tham gia cuộc thi ảnh đẹp nhất được không. Bạn nhấn vào link này đăng nhập Facebook rồi bấm tim cho bức ảnh số 7 giúp tôi là xong. Con tôi đang dẫn đầu nhưng cần thêm bình chọn gấp trước 8 giờ tối nay.",3
"Anh ơi group Facebook mua bán đất cộng đồng tôi admin mời anh tham gia. Trong nhóm có anh Việt Kiều cần bán gấp đất quận 9 giá dưới thị trường 30% vì cần tiền về Mỹ gấp. Anh join nhóm rồi liên hệ anh đó tôi giới thiệu cho.",10
"Xin chào bạn đây là fanpage chính thức ca sĩ Sơn Tùng MTP thông báo chương trình tặng quà fan. 100 bạn đầu tiên inbox fanpage sẽ nhận voucher âm nhạc 500 ngàn và áo phông có chữ ký Sơn Tùng. Bạn inbox ngay và chuyển phí vận chuyển 50 ngàn để nhận quà.",9
"Bạn ơi đây là trang Facebook chính thức của Bắc Hương Bình giải trí nhé. Chúng tôi đang tặng 500 vé xem phim miễn phí tại CGV. Bạn inbox fanpage nhận mã voucher và chuyển phí xử lý 20 ngàn vào số tài khoản này để xác nhận nhận vé.",9
"Chào bạn đây là Livestream trực tiếp của ngôi sao X đang tặng iPhone 16 cho người may mắn. Bạn comment số điện thoại và chuyển phí tham gia 100 ngàn theo link này để được quay số trúng thưởng iPhone 16 Pro Max ngay hôm nay.",9
"Alo anh ơi đây là admin fanpage nghệ sĩ Trấn Thành chính thức nhé. Anh đang trong top 100 fan trung thành được chọn nhận phần thưởng đặc biệt là bộ đồ ký tặng từ Trấn Thành. Anh inbox fanpage và chuyển phí giao hàng 80 ngàn để nhận quà về nhà.",9
"Chị ơi đây là fanpage chính thức thương hiệu mỹ phẩm Thái Lan Mistine đây. Nhân dịp 10.10 chị được chọn ngẫu nhiên nhận combo dưỡng da trị giá 1 triệu miễn phí. Chị chỉ cần inbox xác nhận địa chỉ và chuyển phí ship 30 ngàn để nhận hàng về nhà.",9
"Bạn ơi đây là page giveaway điện thoại Samsung Galaxy S25 chính hãng. Page đang có 50 máy cần tặng trong ngày hôm nay. Bạn share bài này về tường và inbox mình xác nhận địa chỉ rồi chuyển phí kiểm định hàng 200 ngàn là nhận máy trong 48 giờ.",9
"Oi bạn ơi tôi bán hàng Livestream TikTok chính thức của tôi đây. Bạn thấy tôi review sản phẩm thuốc giảm cân Hàn Quốc trên TikTok không. Đặt trong 10 phút tới để nhận giá đặc biệt 350 ngàn giảm từ 900 ngàn bấm link bio mua ngay đem về dùng.",20
"Bạn ơi tôi là KOL review mỹ phẩm trên TikTok Shop đây. Tôi đang Livestream bán son dưỡng môi của hãng Laneige chính hãng chỉ 150 ngàn mà thật ra giá thị trường là 600 ngàn. Bấm vào giỏ hàng ngay bây giờ chỉ còn 20 phút ưu đãi thôi.",8
"Bạn ơi tôi là chuyên gia đầu tư chứng khoán trên YouTube với 500 ngàn subscriber đây. Tôi đang chia sẻ bí quyết đầu tư kiếm 30% mỗi tháng trong group kín Telegram của tôi. Bạn đóng phí thành viên 3 triệu vào số này để được vào nhóm nhận tín hiệu hàng ngày.",11
"Anh ơi tôi theo dõi anh trên Facebook lâu rồi. Thấy anh đang tìm kiếm cơ hội kinh doanh thêm nên tôi liên hệ. Tôi có hệ thống kinh doanh online với thu nhập thụ động 20 triệu mỗi tháng. Anh bỏ ra 5 triệu đầu tư ban đầu tôi hướng dẫn toàn bộ.",19
"Chị ơi tôi thấy chị hay đăng ảnh ăn uống và du lịch trên Facebook đẹp lắm. Tôi đang cần KOL để quảng cáo tour du lịch mạo hiểm cho công ty tôi. Chị nhận 10 triệu cho 3 bài đăng quảng cáo. Chị đóng trước phí bảo hiểm tour 2 triệu để tôi book vé cho chị.",20
"Bạn ơi tôi thấy bạn comment trên page dạy nghề online của tôi. Bạn muốn học nghề làm nail ở nhà kiếm thêm thu nhập không? Tôi dạy online qua Zalo chỉ 3 triệu khóa học và cung cấp đủ dụng cụ. Chuyển khoản vào số tài khoản này đăng ký ngay.",20
"Alo bạn ơi tôi thấy bạn đang theo dõi trang Hướng Nghiệp Online của tôi. Tôi đang cần người viết content online lương 15 đến 25 triệu làm việc tại nhà. Bạn ứng tuyển nhé chỉ cần đóng phí hồ sơ 500 ngàn để tôi xét duyệt ưu tiên trong ngày.",12
"Chị ơi tôi inbox chị từ group bán đồ secondhand đó. Tôi cần thanh lý nhanh bộ đồ hiệu Chanel xịn chỉ 4 triệu bill đầy đủ hàng từ Dubai về. Chị chuyển cọc 1 triệu để giữ hàng đi không có người khác cũng muốn mua rồi.",8
"Bạn ơi video TikTok của bạn đang bị report vi phạm bản quyền âm nhạc và sắp bị xóa tài khoản. Bạn nhấn vào đường link này vào trang hỗ trợ TikTok kháng cáo và điền thông tin tài khoản để xác minh danh tính trong 24 giờ tới.",3
"Anh ơi tôi là chuyên gia tăng follow Instagram và TikTok cho doanh nghiệp. Anh muốn tăng từ 1000 lên 100000 follower thật trong 30 ngày không? Chỉ 5 triệu tôi dùng hệ thống tự động của mình chạy cho anh đảm bảo follower thật tương tác cao.",20
"Chào bạn đây là thông báo bạn vừa được chọn vào vòng 2 chương trình thực tế truyền hình Vietnam Idol mùa mới. Bạn đã đăng ký tham gia qua form online tháng trước. Để xác nhận tham gia bạn chuyển phí đăng ký chính thức 1 triệu vào số tài khoản ban tổ chức này.",9
"Bạn ơi bạn có muốn bán tài khoản TikTok của bạn không? Tôi thu mua tài khoản TikTok từ 10k follower trở lên giá 5 đến 20 triệu tùy follower. Bạn chỉ cần đăng nhập vào trang web này và cấp quyền quản trị cho tôi kiểm tra tài khoản trước khi thương lượng giá.",3
"Bạn ơi tôi là nhà tuyển dụng từ công ty truyền thông ABC đang cần KOL TikTok từ 5000 follower trở lên làm đại sứ thương hiệu. Lương cơ bản 10 triệu cộng hoa hồng 15% doanh thu. Bạn điền form ứng tuyển qua link này và đóng phí thẩm định hồ sơ 300 ngàn.",12
"Chị ơi tôi admin nhóm Facebook mua bán bất động sản khu Nam Sài Gòn mời chị vào nhóm. Đang có đất nền dự án Vinhomes sắp ra hàng giá ưu đãi F0 cho thành viên nhóm chỉ cần đặt cọc 50 triệu giữ suất mua.",10
"Bạn ơi tôi chủ shop online mỹ phẩm chính hãng Hàn Quốc trên TikTok Shop đây. Hôm nay livestream flash sale bộ dưỡng da COSRX chỉ còn 299 ngàn hàng nhập thẳng từ Hàn Quốc có tem chống hàng giả. Bấm mua ngay trong 5 phút tới hết giờ khuyến mãi luôn.",8
"Chào bạn bên tôi đang điều tra lừa đảo trực tuyến và phát hiện tài khoản Facebook của bạn bị kẻ lừa đảo đăng nhập sử dụng. Để bảo vệ tài khoản bạn cần xác minh ngay qua form bảo mật này điền username password OTP để hệ thống khóa phiên đăng nhập lạ.",3
"Alo chào anh tôi thấy anh hay dùng Shopee và Lazada. Tôi là đại diện tuyển dụng CTV đánh giá sản phẩm cho các sàn này. Công việc nhàn lắm chỉ cần mua hàng rồi để lại đánh giá 5 sao mỗi mặt hàng nhận 200 ngàn. Nhưng anh cần đặt cọc 2 triệu để mở tài khoản CTV.",12
"Bạn ơi tôi thấy bạn theo dõi page crypto của tôi trên Facebook. Tôi vừa tìm ra phương pháp giao dịch mới lãi 50% mỗi tuần từ Bitcoin đã test 3 tháng ổn định. Bạn vào nhóm kín Telegram của tôi đóng phí 5 triệu để được kèm giao dịch từ A đến Z.",11
"Chị ơi tôi thấy chị hay đặt hàng Taobao và Shopee. Tôi có nguồn hàng Trung Quốc giá gốc nhà máy rẻ hơn Taobao 60%. Chị muốn kinh doanh lại không tôi bán sỉ không cần đặt số lượng lớn. Chị đặt cọc 3 triệu tôi ship hàng mẫu về cho chị xem trước.",8
"Bạn thân ơi account Facebook của tôi bị khóa và tôi cần bạn xác minh giùm để lấy lại. Tôi gửi cho bạn link Facebook gửi mã xác nhận. Khi bạn nhận được mã 6 số qua điện thoại bên Facebook gửi thì bạn nhắn lại mã đó cho tôi với nhé.",3
"Chào bạn ơi tôi là đại diện nhãn hàng nước tăng lực Red Bull Việt Nam đang tìm người dùng thử sản phẩm mới. Chúng tôi tặng 50 lon Red Bull miễn phí cho 200 người đăng ký đầu tiên. Bạn chỉ cần điền form và chuyển phí vận chuyển 40 ngàn để nhận hàng.",9
"Alo em là sinh viên đang bán account Netflix 4K chia sẻ gia đình giá rẻ chỉ 35 ngàn một tháng. Em bán trên nhóm Facebook uy tín đã có 500 đánh giá 5 sao. Anh chị chuyển tiền 3 tháng trước tức 105 ngàn em gửi tài khoản ngay trong 5 phút.",8
"Bạn ơi tôi thấy bạn hay comment trên page tuyển dụng việc làm. Tôi đang cần người làm việc nhà vừa lướt điện thoại thêm thu nhập 10 đến 20 triệu mỗi tháng không cần kinh nghiệm. Bạn inbox tôi để tôi giới thiệu hệ thống và hướng dẫn đăng ký tài khoản.",12
"Alo chào bạn tôi là mod nhóm mua bán trao đổi game online đây. Tôi thấy bạn đăng bán tài khoản game rồi. Tôi muốn mua tài khoản game của bạn giá 15 triệu. Bạn đăng nhập vào trang giao dịch bảo mật này để chúng ta thực hiện giao dịch an toàn nhé.",3
"Chị ơi tôi inbox chị từ group bán hàng mẹ và bé trên Facebook. Tôi có bột yến mạch hữu cơ Úc nhập chính hãng cho bé ăn dặm từ 6 tháng trở lên. Giá 280 ngàn hộp 500g tặng kèm muỗng silicon. Chị đặt hàng chuyển khoản trước tôi giao trong 2 ngày.",8
"Bạn ơi đây là nhóm kín Facebook của hội phụ huynh trường quốc tế đang cần người mua chung vé du học hè cho con tại Singapore. Mỗi suất 30 triệu cho 2 tuần bao gồm ăn ở và học phí. Bạn đặt cọc 10 triệu giữ suất trước khi hết chỗ.",18
"Anh ơi tôi là môi giới bất động sản đang có căn hộ ở quận 9 chủ cần bán gấp vì đi định cư chính hãng. Giá 1 tỷ 5 thấp hơn thị trường 20%. Anh xem qua ảnh trên page Facebook của tôi rồi đặt cọc 50 triệu giữ căn trong tuần này không mất căn đó.",10
"Chào chị ơi tôi tìm được page Facebook bán đồ handmade của chị rồi. Tôi đang cần đặt 50 cái túi xách thêu tay cho công ty tặng đối tác cuối năm. Giá bao nhiêu chị ơi tôi đặt cọc 50% trước. Chị cho tôi số tài khoản chuyển cọc ngay hôm nay luôn nhé.",8
"Bạn ơi inbox bạn từ nhóm Zalo kiếm tiền online mới nhất 2025 nhé. Nhóm có hơn 10000 thành viên đang làm nhiệm vụ kiếm tiền trên app mỗi ngày 500 ngàn đến 1 triệu thật không quảng cáo. Bạn box số điện thoại mình kết nạp vào nhóm và giới thiệu hệ thống.",12
"Alo anh Khoa ơi tôi là Hùng ở group mua bán camera cũ Facebook gọi đây. Tôi muốn mua chiếc Canon 80D của anh đăng bán trong group với giá 8 triệu. Anh gửi thông tin tài khoản tôi chuyển khoản trước rồi anh ship camera về địa chỉ tôi.",8
"Chị ơi tôi là quản trị viên page đồng hồ chính hãng Rolex Việt Nam đây. Chị thích mẫu đồng hồ nào chị cứ inbox tôi báo giá. Hàng từ Geneva Thụy Sĩ về giấy tờ đầy đủ hết bảo hành 2 năm. Chị đặt cọc 30% trước để tôi giữ hàng và order về cho chị.",8
"Bạn ơi tôi thấy bạn đang tìm việc làm trên nhóm Facebook rồi. Tôi có việc làm tại nhà lương 15 triệu mỗi tháng làm online qua điện thoại. Công việc là kiểm duyệt nội dung ảnh cần nhìn và phân loại. Bạn inbox tôi cấp tài khoản bắt đầu làm thử ngay hôm nay.",12
"Chào chị ơi tôi admin page rao vặt mua bán khu vực Bình Dương. Chị có đăng ký nhận thông báo giảm giá từ các shop trong khu công nghiệp không? Bạn điền form này cung cấp số điện thoại và Zalo để nhận tin giảm giá mỗi ngày từ 10 đến 15 shop khu vực.",22
"Anh muốn kiếm thêm thu nhập từ mạng xã hội không anh? Tôi dạy anh cách kiếm 5 đến 10 triệu mỗi tháng từ việc đăng content lên Facebook và TikTok không cần vốn không cần kinh nghiệm. Đăng ký khóa học online của tôi chỉ 2 triệu anh học được ngay tuần này.",20
"Chị ơi inbox chị từ group mẹ bầu và sau sinh nha. Tôi cần tìm người nhận hàng giúp tôi nhận bưu kiện từ nước ngoài gửi về vì tôi đang kẹt ở quê. Phí nhận hàng giúp tôi 200 ngàn thôi. Chị nhận hàng và giữ giúp tôi 2 ngày là tôi lên lấy ngay.",8
"Bạn thân ơi đây là tài khoản mới của mình Tuấn đây nhé. Facebook cũ của mình bị hack mất rồi mình lập cái mới. Bạn cho mình mượn 5 triệu không tuần tới mình trả vì đang cần gấp mà thẻ ngân hàng cũ đã bị khóa theo tài khoản Facebook cũ rồi.",4
"Bạn ơi tôi là người lạ nhưng muốn cảnh báo bạn khẩn cấp. Tôi thấy có người đang bán thông tin Facebook của bạn trên dark web gồm email mật khẩu và thông tin ngân hàng liên kết. Bạn bấm link này để kiểm tra và đổi mật khẩu ngay trước khi bị chiếm đoạt tài khoản.",3
"Alo bạn ơi tôi là người dùng Zalo Pay gặp sự cố giao dịch chuyển nhầm 5 triệu vào số ví của bạn rồi. Bạn kiểm tra ví Zalo xem có tiền chuyển vào không rồi chuyển lại cho tôi giúp với số tài khoản này. Tôi để lộn số khi chuyền bạn thông cảm.",8
"Chị ơi tôi quản lý nhóm Zalo bán hàng handmade nội thất từ Bến Tre lên thành phố. Chị muốn mua bộ bàn ghế gỗ thịt giá gốc xưởng không? Chị được mua trực tiếp từ xưởng tiết kiệm 40% so với cửa hàng. Chị đặt cọc 3 triệu tôi cho thợ bắt đầu làm ngay.",8
"Bạn ơi tôi theo dõi bạn trên Facebook khá lâu rồi thấy bạn thú vị lắm. Tôi là người nước ngoài đang làm việc tại Việt Nam muốn làm quen với bạn. Tôi cũng có một cơ hội kinh doanh nhỏ muốn chia sẻ với bạn có thể cho tôi số Zalo được không?",19
"Chị ơi page bán mỹ phẩm của chị trên Facebook rất đẹp tôi hay mua. Tôi muốn đặt hàng sỉ 50 bộ make up Hàn Quốc trả trước 100% tổng 15 triệu. Chị cho số tài khoản để tôi chuyển khoản ngay bây giờ. Tôi ship đến địa chỉ của tôi ở Hà Nội nhé.",8
"Bạn ơi mình Lan bạn của bạn tên Hà gọi đây nha. Hà đang kẹt không Zalo được nên nhờ mình nhắn hộ. Hà cần bạn chuyển gấp 3 triệu vào số ví MoMo này để Hà có tiền mua thuốc. Hà sẽ gặp bạn trả lại vào cuối tuần bạn giúp Hà nhé.",4
"Chào anh tôi thấy anh hay đăng bài về đầu tư chứng khoán trên Facebook. Tôi có nội tuyến từ một công ty chứng khoán biết thông tin cổ phiếu sắp tăng mạnh tuần tới. Anh muốn chớp thời cơ kiếm 50% lợi nhuận trong 1 tuần thì inbox tôi ngay.",11
"Alo bạn ơi tôi thấy tài khoản TikTok của bạn bị sử dụng trái phép đăng nội dung vi phạm. TikTok sẽ xóa tài khoản bạn sau 48 giờ nếu bạn không xác minh. Bạn nhấn vào link này điền thông tin tài khoản và xác nhận bằng mã OTP gửi vào điện thoại bạn.",3
"Chị ơi group mua bán trao đổi tiền tệ quốc tế của tôi trên Zalo đang có nguồn Đô Mỹ giá tốt hơn ngân hàng 2%. Chị cần đổi ngoại tệ không tôi bán 24.500 đồng ăn 1 đô trong khi ngân hàng 25.000. Chị chuyển tiền trước tôi giao đô tận nhà cho chị.",8
"Bạn ơi tôi quản lý nhóm đầu tư coin Binance Smart VIP trên Zalo có 300 thành viên. Mỗi ngày nhóm có signal mua bán rõ ràng lãi trung bình 3-5% mỗi giao dịch. Bạn tham gia nhóm đóng phí thành viên 2 triệu mỗi tháng nhận signal và hỗ trợ từ mentor.",11
"Alo anh ơi shop online của anh trên Shopee bị hệ thống đánh dấu vi phạm rồi. Tôi là nhân viên Shopee hỗ trợ seller gọi đây. Anh cần xác minh danh tính ngay bằng cách đăng nhập vào link này và cung cấp mã OTP để hệ thống xóa cờ vi phạm.",3
"Chị ơi tôi thấy chị hay mua đồ trực tuyến từ page Facebook. Chị biết mô hình hoàn tiền cashback không? Chị mua hàng qua link của tôi và hoàn tiền 15-20% mỗi đơn. Chị chuyển 1 triệu phí đăng ký tài khoản cashback VIP tôi tặng thêm 500 ngàn discount ngay.",9
"Bạn ơi tôi thấy bài đăng của bạn trong nhóm tìm việc làm. Tôi là HR một công ty logistics Nhật Bản cần tuyển gấp 10 nhân viên thao tác dữ liệu online lương 18 triệu. Bạn điền form và đóng phí xét duyệt hồ sơ ưu tiên 200 ngàn để được phỏng vấn ngay tuần tới.",12
"Chị ơi tôi ở nhóm Zalo mẹ bầu cùng chị đây. Chị có muốn đặt sữa bầu Vinamilk Mama nguyên thùng giá sỉ không? Tôi là đại lý cấp 1 có giá bán lẻ 180 ngàn lon tôi bán 130 ngàn nguyên thùng 48 lon tổng 6 triệu 240 ngàn. Chuyển khoản trước tôi giao tận nhà.",8
"Bạn ơi đây là Livestream mua nhà may mắn trên Facebook của sàn bất động sản ABC. Hôm nay tặng 50 phần quà cho 50 người bình luận may mắn nhất là voucher mua căn hộ trị giá 50 triệu. Bạn comment ngay và đóng phí xác nhận tham gia 500 ngàn vào tài khoản này.",9
"Bạn ơi tôi inbox từ nhóm game online của bạn trên Facebook nha. Tôi có nick game Mobile Legends rank Mythic nhiều skin hiếm muốn sang tay 3 triệu vì bỏ game rồi. Bạn chuyển khoản trước tôi giao nick cùng email và mật khẩu. Bạn đổi pass ngay sau khi nhận.",8
"Chị ơi tôi inbox chị từ group rao vặt địa phương. Tôi đang cần bán nhanh laptop MacBook Air M2 chỉ 15 triệu vì cần tiền gấp. Máy như mới dùng 3 tháng còn bảo hành Apple. Chị đặt cọc 3 triệu tôi giữ máy cho chị rồi giao khi chị thanh toán đủ.",8
